Subject name,
Gender,Female
Age,0
Comment,
Weather,
Temperature(F),
Pressure(hPa),
Humidity(%),
Measurement location,
Experimenter name,
Baud Rate,9600
Channel interval time (msec),122
Round interval time (sec),1
Round repeats number,643
Total channels number got data,1
Start time,10/9/2025 11:20:11 AM
End time,10/9/2025 11:30:53 AM

BP(uA),,CH01
No,Time (hr:min:sec),LeftLU,Event messages
0,0:00:00,2535
1,0:00:01,2503
2,0:00:02,2483
3,0:00:03,2472
4,0:00:04,2497
5,0:00:05,2498
6,0:00:06,2462
7,0:00:07,2515
8,0:00:08,2491
9,0:00:09,2495
10,0:00:10,2478
11,0:00:11,2490
12,0:00:12,2497
13,0:00:13,2495
14,0:00:14,2467
15,0:00:15,2481
16,0:00:16,2499
17,0:00:17,2504
18,0:00:18,2494
19,0:00:19,2479
20,0:00:20,2495
21,0:00:21,2497
22,0:00:22,2488
23,0:00:23,2499
24,0:00:24,2488
25,0:00:25,2483
26,0:00:26,2482
27,0:00:27,2489
28,0:00:28,2495
29,0:00:29,2502
30,0:00:30,2524
31,0:00:31,2508
32,0:00:32,2487
33,0:00:33,2480
34,0:00:34,2489
35,0:00:35,2499
36,0:00:36,2482
37,0:00:37,2503
38,0:00:38,2471
39,0:00:39,2495
40,0:00:40,2486
41,0:00:41,2495
42,0:00:42,2497
43,0:00:43,2485
44,0:00:44,2471
45,0:00:45,2491
46,0:00:46,2449
47,0:00:47,2435
48,0:00:48,2439
49,0:00:49,2499
50,0:00:50,2462
51,0:00:51,2505
52,0:00:52,2496
53,0:00:53,2479
54,0:00:54,2467
55,0:00:55,2504
56,0:00:56,2497
57,0:00:57,2488
58,0:00:58,2488
59,0:00:59,2483
60,0:01:00,2481
61,0:01:01,2494
62,0:01:02,2489
63,0:01:03,2508
64,0:01:04,2471
65,0:01:05,2512
66,0:01:06,2489
67,0:01:07,2486
68,0:01:08,2470
69,0:01:09,2494
70,0:01:10,2492
71,0:01:11,2465
72,0:01:12,2489
73,0:01:13,2483
74,0:01:14,2508
75,0:01:15,2478
76,0:01:16,2481
77,0:01:17,2476
78,0:01:18,2478
79,0:01:19,2471
80,0:01:20,2455
81,0:01:21,2446
82,0:01:22,2433
83,0:01:23,2414
84,0:01:24,2455
85,0:01:25,2424
86,0:01:26,2464
87,0:01:27,2427
88,0:01:28,2431
89,0:01:29,2444
90,0:01:30,2452
91,0:01:31,2446
92,0:01:32,2409
93,0:01:33,2375
94,0:01:34,2435
95,0:01:35,2408
96,0:01:36,2412
97,0:01:37,2395
98,0:01:38,2377
99,0:01:39,2396
100,0:01:40,2407
101,0:01:41,2406
102,0:01:42,2414
103,0:01:43,2404
104,0:01:44,2391
105,0:01:45,2401
106,0:01:46,2388
107,0:01:47,2424
108,0:01:48,2431
109,0:01:49,2430
110,0:01:50,2415
111,0:01:51,2369
112,0:01:52,2438
113,0:01:53,2451
114,0:01:54,2447
115,0:01:55,2435
116,0:01:56,2417
117,0:01:57,2446
118,0:01:58,2417
119,0:01:59,2448
120,0:02:00,2491
121,0:02:01,2492
122,0:02:02,2456
123,0:02:03,2459
124,0:02:04,2455
125,0:02:05,2440
126,0:02:06,2428
127,0:02:07,2423
128,0:02:08,2446
129,0:02:09,2451
130,0:02:10,2441
131,0:02:11,2492
132,0:02:12,2433
133,0:02:13,2435
134,0:02:14,2443
135,0:02:15,2461
136,0:02:16,2436
137,0:02:17,2428
138,0:02:18,2431
139,0:02:19,2441
140,0:02:20,2471
141,0:02:21,2439
142,0:02:22,2455
143,0:02:23,2454
144,0:02:24,2439
145,0:02:25,2459
146,0:02:26,2446
147,0:02:27,2455
148,0:02:28,2459
149,0:02:29,2467
150,0:02:30,2441
151,0:02:31,2473
152,0:02:32,2461
153,0:02:33,2467
154,0:02:34,2440
155,0:02:35,2456
156,0:02:36,2419
157,0:02:37,2433
158,0:02:38,2463
159,0:02:39,2443
160,0:02:40,2449
161,0:02:41,2459
162,0:02:42,2440
163,0:02:43,2447
164,0:02:44,2441
165,0:02:45,2451
166,0:02:46,2452
167,0:02:47,2447
168,0:02:48,2435
169,0:02:49,2491
170,0:02:50,2462
171,0:02:51,2427
172,0:02:52,2438
173,0:02:53,2449
174,0:02:54,2459
175,0:02:55,2467
176,0:02:56,2486
177,0:02:57,2485
178,0:02:58,2494
179,0:02:59,2488
180,0:03:00,2472
181,0:03:01,2468
182,0:03:02,2527
183,0:03:03,2572
184,0:03:04,2503
185,0:03:05,2502
186,0:03:06,2511
187,0:03:07,2488
188,0:03:08,2505
189,0:03:09,2495
190,0:03:10,2431
191,0:03:11,2451
192,0:03:12,2428
193,0:03:13,2467
194,0:03:14,2424
195,0:03:15,2422
196,0:03:16,2414
197,0:03:17,2415
198,0:03:18,2426
199,0:03:19,2403
200,0:03:20,2416
201,0:03:21,2439
202,0:03:22,2460
203,0:03:23,2435
204,0:03:24,2471
205,0:03:25,2438
206,0:03:26,2465
207,0:03:27,2389
208,0:03:28,2432
209,0:03:29,2443
210,0:03:30,2396
211,0:03:31,2439
212,0:03:32,2401
213,0:03:33,2463
214,0:03:34,2483
215,0:03:35,2481
216,0:03:36,2502
217,0:03:37,2459
218,0:03:38,2435
219,0:03:39,2420
220,0:03:40,2417
221,0:03:41,2408
222,0:03:42,2403
223,0:03:43,2415
224,0:03:44,2424
225,0:03:45,2430
226,0:03:46,2465
227,0:03:47,2448
228,0:03:48,2443
229,0:03:49,2496
230,0:03:50,2438
231,0:03:51,2438
232,0:03:52,2444
233,0:03:53,2433
234,0:03:54,2451
235,0:03:55,2468
236,0:03:56,2449
237,0:03:57,2456
238,0:03:58,2452
239,0:03:59,2472
240,0:04:00,2468
241,0:04:01,2460
242,0:04:02,2459
243,0:04:03,2443
244,0:04:04,2451
245,0:04:05,2450
246,0:04:06,2488
247,0:04:07,2456
248,0:04:08,2472
249,0:04:09,2477
250,0:04:10,2471
251,0:04:11,2438
252,0:04:12,2451
253,0:04:13,2456
254,0:04:14,2447
255,0:04:15,2455
256,0:04:16,2455
257,0:04:17,2468
258,0:04:18,2462
259,0:04:19,2502
260,0:04:20,2422
261,0:04:21,2450
262,0:04:22,2451
263,0:04:23,2452
264,0:04:24,2457
265,0:04:25,2468
266,0:04:26,2428
267,0:04:27,2487
268,0:04:28,2492
269,0:04:29,2525
270,0:04:30,2404
271,0:04:31,2403
272,0:04:32,2463
273,0:04:33,2443
274,0:04:34,2448
275,0:04:35,2412
276,0:04:36,2451
277,0:04:37,2438
278,0:04:38,2448
279,0:04:39,2444
280,0:04:40,2447
281,0:04:41,2441
282,0:04:42,2449
283,0:04:43,2459
284,0:04:44,2456
285,0:04:45,2441
286,0:04:46,2446
287,0:04:47,2441
288,0:04:48,2448
289,0:04:49,2459
290,0:04:50,2422
291,0:04:51,2436
292,0:04:52,2443
293,0:04:53,2462
294,0:04:54,2479
295,0:04:55,2527
296,0:04:56,2529
297,0:04:57,2495
298,0:04:58,2508
299,0:04:59,2526
300,0:05:00,2496
301,0:05:01,2504
302,0:05:02,2508
303,0:05:03,2504
304,0:05:04,2495
305,0:05:05,2495
306,0:05:06,2513
307,0:05:07,2505
308,0:05:08,2483
309,0:05:09,2531
310,0:05:10,2510
311,0:05:11,2511
312,0:05:12,2511
313,0:05:13,2478
314,0:05:14,2511
315,0:05:15,2504
316,0:05:16,2567
317,0:05:17,2524
318,0:05:18,2447
319,0:05:19,2491
320,0:05:20,2471
321,0:05:21,2460
322,0:05:22,2454
323,0:05:23,2483
324,0:05:24,2489
325,0:05:25,2499
326,0:05:26,2523
327,0:05:27,2513
328,0:05:28,2508
329,0:05:29,2534
330,0:05:30,2515
331,0:05:31,2499
332,0:05:32,2471
333,0:05:33,2416
334,0:05:34,2388
335,0:05:35,2451
336,0:05:36,2492
337,0:05:37,2471
338,0:05:38,2515
339,0:05:39,2516
340,0:05:40,2532
341,0:05:41,2553
342,0:05:42,2531
343,0:05:43,2478
344,0:05:44,2489
345,0:05:45,2444
346,0:05:46,2411
347,0:05:47,2460
348,0:05:48,2492
349,0:05:49,2511
350,0:05:50,2513
351,0:05:51,2523
352,0:05:52,2519
353,0:05:53,2531
354,0:05:54,2492
355,0:05:55,2443
356,0:05:56,2404
357,0:05:57,2422
358,0:05:58,2435
359,0:05:59,2438
360,0:06:00,2446
361,0:06:01,2464
362,0:06:02,2497
363,0:06:03,2503
364,0:06:04,2503
365,0:06:05,2488
366,0:06:06,2513
367,0:06:07,2499
368,0:06:08,2462
369,0:06:09,2463
370,0:06:10,2452
371,0:06:11,2463
372,0:06:12,2484
373,0:06:13,2494
374,0:06:14,2524
375,0:06:15,2495
376,0:06:16,2531
377,0:06:17,2540
378,0:06:18,2524
379,0:06:19,2516
380,0:06:20,2512
381,0:06:21,2535
382,0:06:22,2519
383,0:06:23,2492
384,0:06:24,2468
385,0:06:25,2427
386,0:06:26,2457
387,0:06:27,2462
388,0:06:28,2447
389,0:06:29,2475
390,0:06:30,2463
391,0:06:31,2396
392,0:06:32,2447
393,0:06:33,2463
394,0:06:34,2455
395,0:06:35,2479
396,0:06:36,2465
397,0:06:37,2461
398,0:06:38,2496
399,0:06:39,2467
400,0:06:40,2447
401,0:06:41,2491
402,0:06:42,2499
403,0:06:43,2491
404,0:06:44,2483
405,0:06:45,2542
406,0:06:46,2539
407,0:06:47,2519
408,0:06:48,2536
409,0:06:49,2521
410,0:06:50,2539
411,0:06:51,2572
412,0:06:52,2542
413,0:06:53,2542
414,0:06:54,2526
415,0:06:55,2537
416,0:06:56,2535
417,0:06:57,2572
418,0:06:58,2552
419,0:06:59,2540
420,0:07:00,2552
421,0:07:01,2542
422,0:07:02,2542
423,0:07:03,2536
424,0:07:04,2559
425,0:07:05,2460
426,0:07:06,2515
427,0:07:07,2534
428,0:07:08,2535
429,0:07:09,2563
430,0:07:10,2540
431,0:07:11,2567
432,0:07:12,2547
433,0:07:13,2563
434,0:07:14,2544
435,0:07:15,2535
436,0:07:16,2521
437,0:07:17,2572
438,0:07:18,2544
439,0:07:19,2539
440,0:07:20,2536
441,0:07:21,2534
442,0:07:22,2503
443,0:07:23,2540
444,0:07:24,2535
445,0:07:25,2561
446,0:07:26,2547
447,0:07:27,2545
448,0:07:28,2534
449,0:07:29,2520
450,0:07:30,2532
451,0:07:31,2572
452,0:07:32,2503
453,0:07:33,2508
454,0:07:34,2495
455,0:07:35,2455
456,0:07:36,2422
457,0:07:37,2569
458,0:07:38,2556
459,0:07:39,2536
460,0:07:40,2558
461,0:07:41,2588
462,0:07:42,2495
463,0:07:43,2486
464,0:07:44,2508
465,0:07:45,2543
466,0:07:46,2543
467,0:07:47,2508
468,0:07:48,2572
469,0:07:49,2551
470,0:07:50,2568
471,0:07:51,2568
472,0:07:52,2596
473,0:07:53,2589
474,0:07:54,2575
475,0:07:55,2598
476,0:07:56,2561
477,0:07:57,2548
478,0:07:58,2527
479,0:07:59,2526
480,0:08:00,2548
481,0:08:01,2527
482,0:08:02,2550
483,0:08:03,2590
484,0:08:04,2595
485,0:08:05,2598
486,0:08:06,2558
487,0:08:07,2585
488,0:08:08,2558
489,0:08:09,2535
490,0:08:10,2430
491,0:08:11,2403
492,0:08:12,2504
493,0:08:13,2547
494,0:08:14,2540
495,0:08:15,2535
496,0:08:16,2626
497,0:08:17,2572
498,0:08:18,2591
499,0:08:19,2583
500,0:08:20,2551
501,0:08:21,2525
502,0:08:22,2455
503,0:08:23,2603
504,0:08:24,2631
505,0:08:25,2552
506,0:08:26,2607
507,0:08:27,2617
508,0:08:28,2566
509,0:08:29,2601
510,0:08:30,2584
511,0:08:31,2664
512,0:08:32,2487
513,0:08:33,2398
514,0:08:34,2439
515,0:08:35,2511
516,0:08:36,2633
517,0:08:37,2627
518,0:08:38,2640
519,0:08:39,2640
520,0:08:40,2615
521,0:08:41,2660
522,0:08:42,2617
523,0:08:43,2641
524,0:08:44,2503
525,0:08:45,2475
526,0:08:46,2396
527,0:08:47,2495
528,0:08:48,2475
529,0:08:49,2487
530,0:08:50,2491
531,0:08:51,2492
532,0:08:52,2476
533,0:08:53,2457
534,0:08:54,2467
535,0:08:55,2499
536,0:08:56,2540
537,0:08:57,2527
538,0:08:58,2457
539,0:08:59,2467
540,0:09:00,2471
541,0:09:01,2524
542,0:09:02,2547
543,0:09:03,2531
544,0:09:04,2516
545,0:09:05,2480
546,0:09:06,2497
547,0:09:07,2497
548,0:09:08,2428
549,0:09:09,2499
550,0:09:10,2545
551,0:09:11,2507
552,0:09:12,2533
553,0:09:13,2572
554,0:09:14,2550
555,0:09:15,2398
556,0:09:16,2526
557,0:09:17,2548
558,0:09:18,2572
559,0:09:19,2582
560,0:09:20,2556
561,0:09:21,2540
562,0:09:22,2563
563,0:09:23,2473
564,0:09:24,2492
565,0:09:25,2501
566,0:09:26,2483
567,0:09:27,2524
568,0:09:28,2500
569,0:09:29,2567
570,0:09:30,2553
571,0:09:31,2520
572,0:09:32,2556
573,0:09:33,2535
574,0:09:34,2531
575,0:09:35,2543
576,0:09:36,2578
577,0:09:37,2551
578,0:09:38,2553
579,0:09:39,2556
580,0:09:40,2569
581,0:09:41,2608
582,0:09:42,2572
583,0:09:43,2623
584,0:09:44,2612
585,0:09:45,2608
586,0:09:46,2585
587,0:09:47,2480
588,0:09:48,2478
589,0:09:49,2542
590,0:09:50,2608
591,0:09:51,2611
592,0:09:52,2619
593,0:09:53,2615
594,0:09:54,2627
595,0:09:55,2640
596,0:09:56,2622
597,0:09:57,2604
598,0:09:58,2451
599,0:09:59,2526
600,0:10:00,2662
601,0:10:01,2647
602,0:10:02,2766
603,0:10:03,2764
604,0:10:04,2771
605,0:10:05,2784
606,0:10:06,2765
607,0:10:07,2870
608,0:10:08,2910
609,0:10:09,2540
610,0:10:10,2505
611,0:10:11,2431
612,0:10:12,2590
613,0:10:13,2652
614,0:10:14,2724
615,0:10:15,2795
616,0:10:16,2803
617,0:10:17,2812
618,0:10:18,2860
619,0:10:19,2903
620,0:10:20,2923
621,0:10:21,2923
622,0:10:22,2740
623,0:10:23,2666
624,0:10:24,2643
625,0:10:25,2727
626,0:10:26,2780
627,0:10:27,2808
628,0:10:28,2803
629,0:10:29,2807
630,0:10:30,2881
631,0:10:31,2936
632,0:10:32,2640
633,0:10:33,2680
634,0:10:34,2672
635,0:10:35,2651
636,0:10:36,2748
637,0:10:37,2624
638,0:10:38,2623
639,0:10:39,2677
640,0:10:40,2675
641,0:10:41,2649
642,0:10:42,2625

AP(uA),,CH01
No,Time (hr:min:sec),LeftLU,Event messages
0,0:00:00,26
1,0:00:01,27
2,0:00:02,26
3,0:00:03,26
4,0:00:04,28
5,0:00:05,27
6,0:00:06,25
7,0:00:07,28
8,0:00:08,27
9,0:00:09,28
10,0:00:10,29
11,0:00:11,28
12,0:00:12,29
13,0:00:13,27
14,0:00:14,27
15,0:00:15,27
16,0:00:16,28
17,0:00:17,26
18,0:00:18,27
19,0:00:19,28
20,0:00:20,27
21,0:00:21,28
22,0:00:22,25
23,0:00:23,26
24,0:00:24,26
25,0:00:25,26
26,0:00:26,26
27,0:00:27,26
28,0:00:28,26
29,0:00:29,26
30,0:00:30,26
31,0:00:31,26
32,0:00:32,27
33,0:00:33,26
34,0:00:34,25
35,0:00:35,26
36,0:00:36,27
37,0:00:37,27
38,0:00:38,27
39,0:00:39,26
40,0:00:40,26
41,0:00:41,27
42,0:00:42,29
43,0:00:43,29
44,0:00:44,27
45,0:00:45,27
46,0:00:46,27
47,0:00:47,27
48,0:00:48,27
49,0:00:49,25
50,0:00:50,27
51,0:00:51,27
52,0:00:52,26
53,0:00:53,25
54,0:00:54,27
55,0:00:55,26
56,0:00:56,27
57,0:00:57,27
58,0:00:58,27
59,0:00:59,27
60,0:01:00,27
61,0:01:01,27
62,0:01:02,27
63,0:01:03,26
64,0:01:04,26
65,0:01:05,26
66,0:01:06,26
67,0:01:07,28
68,0:01:08,26
69,0:01:09,27
70,0:01:10,27
71,0:01:11,26
72,0:01:12,27
73,0:01:13,27
74,0:01:14,26
75,0:01:15,27
76,0:01:16,26
77,0:01:17,27
78,0:01:18,26
79,0:01:19,27
80,0:01:20,27
81,0:01:21,28
82,0:01:22,26
83,0:01:23,28
84,0:01:24,27
85,0:01:25,27
86,0:01:26,27
87,0:01:27,27
88,0:01:28,27
89,0:01:29,28
90,0:01:30,28
91,0:01:31,27
92,0:01:32,28
93,0:01:33,29
94,0:01:34,28
95,0:01:35,28
96,0:01:36,29
97,0:01:37,29
98,0:01:38,28
99,0:01:39,29
100,0:01:40,29
101,0:01:41,27
102,0:01:42,27
103,0:01:43,26
104,0:01:44,27
105,0:01:45,27
106,0:01:46,27
107,0:01:47,26
108,0:01:48,26
109,0:01:49,27
110,0:01:50,28
111,0:01:51,26
112,0:01:52,27
113,0:01:53,26
114,0:01:54,26
115,0:01:55,27
116,0:01:56,25
117,0:01:57,25
118,0:01:58,25
119,0:01:59,26
120,0:02:00,24
121,0:02:01,26
122,0:02:02,26
123,0:02:03,26
124,0:02:04,24
125,0:02:05,26
126,0:02:06,26
127,0:02:07,24
128,0:02:08,25
129,0:02:09,25
130,0:02:10,26
131,0:02:11,26
132,0:02:12,26
133,0:02:13,25
134,0:02:14,25
135,0:02:15,27
136,0:02:16,25
137,0:02:17,25
138,0:02:18,25
139,0:02:19,24
140,0:02:20,25
141,0:02:21,26
142,0:02:22,26
143,0:02:23,26
144,0:02:24,27
145,0:02:25,26
146,0:02:26,25
147,0:02:27,27
148,0:02:28,26
149,0:02:29,25
150,0:02:30,26
151,0:02:31,26
152,0:02:32,27
153,0:02:33,27
154,0:02:34,26
155,0:02:35,27
156,0:02:36,26
157,0:02:37,25
158,0:02:38,26
159,0:02:39,27
160,0:02:40,29
161,0:02:41,28
162,0:02:42,27
163,0:02:43,26
164,0:02:44,26
165,0:02:45,26
166,0:02:46,26
167,0:02:47,27
168,0:02:48,25
169,0:02:49,28
170,0:02:50,27
171,0:02:51,28
172,0:02:52,29
173,0:02:53,28
174,0:02:54,28
175,0:02:55,26
176,0:02:56,27
177,0:02:57,27
178,0:02:58,28
179,0:02:59,27
180,0:03:00,25
181,0:03:01,27
182,0:03:02,26
183,0:03:03,25
184,0:03:04,27
185,0:03:05,27
186,0:03:06,28
187,0:03:07,27
188,0:03:08,27
189,0:03:09,28
190,0:03:10,26
191,0:03:11,27
192,0:03:12,26
193,0:03:13,28
194,0:03:14,27
195,0:03:15,27
196,0:03:16,27
197,0:03:17,27
198,0:03:18,26
199,0:03:19,25
200,0:03:20,25
201,0:03:21,26
202,0:03:22,26
203,0:03:23,26
204,0:03:24,26
205,0:03:25,25
206,0:03:26,25
207,0:03:27,25
208,0:03:28,26
209,0:03:29,26
210,0:03:30,26
211,0:03:31,26
212,0:03:32,25
213,0:03:33,26
214,0:03:34,26
215,0:03:35,25
216,0:03:36,24
217,0:03:37,26
218,0:03:38,26
219,0:03:39,26
220,0:03:40,26
221,0:03:41,25
222,0:03:42,26
223,0:03:43,24
224,0:03:44,26
225,0:03:45,26
226,0:03:46,25
227,0:03:47,26
228,0:03:48,24
229,0:03:49,24
230,0:03:50,26
231,0:03:51,26
232,0:03:52,24
233,0:03:53,25
234,0:03:54,25
235,0:03:55,26
236,0:03:56,25
237,0:03:57,25
238,0:03:58,24
239,0:03:59,26
240,0:04:00,24
241,0:04:01,24
242,0:04:02,24
243,0:04:03,24
244,0:04:04,25
245,0:04:05,25
246,0:04:06,23
247,0:04:07,24
248,0:04:08,24
249,0:04:09,25
250,0:04:10,25
251,0:04:11,24
252,0:04:12,25
253,0:04:13,25
254,0:04:14,26
255,0:04:15,25
256,0:04:16,27
257,0:04:17,27
258,0:04:18,27
259,0:04:19,25
260,0:04:20,26
261,0:04:21,25
262,0:04:22,25
263,0:04:23,26
264,0:04:24,26
265,0:04:25,25
266,0:04:26,25
267,0:04:27,26
268,0:04:28,25
269,0:04:29,26
270,0:04:30,26
271,0:04:31,26
272,0:04:32,25
273,0:04:33,26
274,0:04:34,27
275,0:04:35,26
276,0:04:36,25
277,0:04:37,26
278,0:04:38,25
279,0:04:39,26
280,0:04:40,26
281,0:04:41,24
282,0:04:42,26
283,0:04:43,27
284,0:04:44,26
285,0:04:45,27
286,0:04:46,27
287,0:04:47,27
288,0:04:48,26
289,0:04:49,26
290,0:04:50,25
291,0:04:51,26
292,0:04:52,25
293,0:04:53,24
294,0:04:54,25
295,0:04:55,27
296,0:04:56,27
297,0:04:57,27
298,0:04:58,28
299,0:04:59,27
300,0:05:00,28
301,0:05:01,28
302,0:05:02,28
303,0:05:03,27
304,0:05:04,26
305,0:05:05,26
306,0:05:06,26
307,0:05:07,24
308,0:05:08,26
309,0:05:09,27
310,0:05:10,26
311,0:05:11,26
312,0:05:12,26
313,0:05:13,25
314,0:05:14,26
315,0:05:15,26
316,0:05:16,25
317,0:05:17,25
318,0:05:18,27
319,0:05:19,28
320,0:05:20,27
321,0:05:21,27
322,0:05:22,28
323,0:05:23,27
324,0:05:24,27
325,0:05:25,28
326,0:05:26,27
327,0:05:27,28
328,0:05:28,28
329,0:05:29,26
330,0:05:30,27
331,0:05:31,28
332,0:05:32,28
333,0:05:33,27
334,0:05:34,28
335,0:05:35,27
336,0:05:36,26
337,0:05:37,27
338,0:05:38,28
339,0:05:39,28
340,0:05:40,27
341,0:05:41,27
342,0:05:42,26
343,0:05:43,26
344,0:05:44,27
345,0:05:45,26
346,0:05:46,26
347,0:05:47,27
348,0:05:48,27
349,0:05:49,25
350,0:05:50,27
351,0:05:51,27
352,0:05:52,27
353,0:05:53,26
354,0:05:54,26
355,0:05:55,26
356,0:05:56,26
357,0:05:57,27
358,0:05:58,27
359,0:05:59,26
360,0:06:00,26
361,0:06:01,25
362,0:06:02,26
363,0:06:03,26
364,0:06:04,26
365,0:06:05,26
366,0:06:06,26
367,0:06:07,25
368,0:06:08,25
369,0:06:09,26
370,0:06:10,25
371,0:06:11,25
372,0:06:12,25
373,0:06:13,26
374,0:06:14,26
375,0:06:15,26
376,0:06:16,25
377,0:06:17,27
378,0:06:18,26
379,0:06:19,25
380,0:06:20,26
381,0:06:21,26
382,0:06:22,26
383,0:06:23,26
384,0:06:24,26
385,0:06:25,26
386,0:06:26,26
387,0:06:27,27
388,0:06:28,27
389,0:06:29,27
390,0:06:30,29
391,0:06:31,27
392,0:06:32,26
393,0:06:33,29
394,0:06:34,28
395,0:06:35,28
396,0:06:36,26
397,0:06:37,26
398,0:06:38,26
399,0:06:39,27
400,0:06:40,25
401,0:06:41,25
402,0:06:42,27
403,0:06:43,28
404,0:06:44,26
405,0:06:45,27
406,0:06:46,26
407,0:06:47,26
408,0:06:48,26
409,0:06:49,27
410,0:06:50,27
411,0:06:51,26
412,0:06:52,27
413,0:06:53,26
414,0:06:54,26
415,0:06:55,26
416,0:06:56,26
417,0:06:57,27
418,0:06:58,27
419,0:06:59,25
420,0:07:00,26
421,0:07:01,25
422,0:07:02,26
423,0:07:03,25
424,0:07:04,28
425,0:07:05,26
426,0:07:06,27
427,0:07:07,27
428,0:07:08,27
429,0:07:09,27
430,0:07:10,27
431,0:07:11,27
432,0:07:12,28
433,0:07:13,28
434,0:07:14,27
435,0:07:15,25
436,0:07:16,25
437,0:07:17,26
438,0:07:18,25
439,0:07:19,25
440,0:07:20,26
441,0:07:21,25
442,0:07:22,26
443,0:07:23,26
444,0:07:24,24
445,0:07:25,26
446,0:07:26,27
447,0:07:27,25
448,0:07:28,25
449,0:07:29,26
450,0:07:30,26
451,0:07:31,26
452,0:07:32,25
453,0:07:33,26
454,0:07:34,26
455,0:07:35,27
456,0:07:36,26
457,0:07:37,26
458,0:07:38,24
459,0:07:39,27
460,0:07:40,28
461,0:07:41,27
462,0:07:42,28
463,0:07:43,29
464,0:07:44,29
465,0:07:45,29
466,0:07:46,29
467,0:07:47,27
468,0:07:48,26
469,0:07:49,28
470,0:07:50,27
471,0:07:51,26
472,0:07:52,26
473,0:07:53,26
474,0:07:54,25
475,0:07:55,26
476,0:07:56,27
477,0:07:57,27
478,0:07:58,28
479,0:07:59,27
480,0:08:00,26
481,0:08:01,27
482,0:08:02,26
483,0:08:03,26
484,0:08:04,26
485,0:08:05,25
486,0:08:06,26
487,0:08:07,25
488,0:08:08,25
489,0:08:09,24
490,0:08:10,26
491,0:08:11,27
492,0:08:12,27
493,0:08:13,27
494,0:08:14,25
495,0:08:15,24
496,0:08:16,25
497,0:08:17,26
498,0:08:18,25
499,0:08:19,26
500,0:08:20,26
501,0:08:21,25
502,0:08:22,27
503,0:08:23,24
504,0:08:24,25
505,0:08:25,27
506,0:08:26,26
507,0:08:27,26
508,0:08:28,26
509,0:08:29,26
510,0:08:30,26
511,0:08:31,25
512,0:08:32,26
513,0:08:33,28
514,0:08:34,28
515,0:08:35,26
516,0:08:36,27
517,0:08:37,27
518,0:08:38,26
519,0:08:39,27
520,0:08:40,26
521,0:08:41,26
522,0:08:42,26
523,0:08:43,25
524,0:08:44,25
525,0:08:45,25
526,0:08:46,27
527,0:08:47,26
528,0:08:48,27
529,0:08:49,25
530,0:08:50,25
531,0:08:51,27
532,0:08:52,28
533,0:08:53,29
534,0:08:54,28
535,0:08:55,29
536,0:08:56,29
537,0:08:57,29
538,0:08:58,28
539,0:08:59,29
540,0:09:00,28
541,0:09:01,29
542,0:09:02,30
543,0:09:03,30
544,0:09:04,29
545,0:09:05,28
546,0:09:06,30
547,0:09:07,30
548,0:09:08,31
549,0:09:09,27
550,0:09:10,28
551,0:09:11,28
552,0:09:12,29
553,0:09:13,28
554,0:09:14,29
555,0:09:15,28
556,0:09:16,29
557,0:09:17,28
558,0:09:18,28
559,0:09:19,28
560,0:09:20,27
561,0:09:21,27
562,0:09:22,26
563,0:09:23,29
564,0:09:24,30
565,0:09:25,28
566,0:09:26,29
567,0:09:27,28
568,0:09:28,28
569,0:09:29,27
570,0:09:30,29
571,0:09:31,28
572,0:09:32,27
573,0:09:33,27
574,0:09:34,29
575,0:09:35,30
576,0:09:36,30
577,0:09:37,30
578,0:09:38,28
579,0:09:39,29
580,0:09:40,27
581,0:09:41,27
582,0:09:42,28
583,0:09:43,26
584,0:09:44,28
585,0:09:45,27
586,0:09:46,28
587,0:09:47,28
588,0:09:48,30
589,0:09:49,28
590,0:09:50,27
591,0:09:51,29
592,0:09:52,27
593,0:09:53,27
594,0:09:54,27
595,0:09:55,26
596,0:09:56,26
597,0:09:57,26
598,0:09:58,30
599,0:09:59,28
600,0:10:00,26
601,0:10:01,26
602,0:10:02,27
603,0:10:03,27
604,0:10:04,26
605,0:10:05,28
606,0:10:06,26
607,0:10:07,29
608,0:10:08,27
609,0:10:09,28
610,0:10:10,27
611,0:10:11,29
612,0:10:12,28
613,0:10:13,27
614,0:10:14,26
615,0:10:15,27
616,0:10:16,27
617,0:10:17,26
618,0:10:18,27
619,0:10:19,27
620,0:10:20,27
621,0:10:21,27
622,0:10:22,27
623,0:10:23,29
624,0:10:24,29
625,0:10:25,29
626,0:10:26,30
627,0:10:27,27
628,0:10:28,28
629,0:10:29,29
630,0:10:30,28
631,0:10:31,27
632,0:10:32,28
633,0:10:33,28
634,0:10:34,27
635,0:10:35,27
636,0:10:36,26
637,0:10:37,28
638,0:10:38,28
639,0:10:39,27
640,0:10:40,28
641,0:10:41,27
642,0:10:42,28

IQ(pC),,CH01
No,Time (hr:min:sec),LeftLU,Event messages
0,0:00:00,2310
1,0:00:01,2266
2,0:00:02,2317
3,0:00:03,2310
4,0:00:04,2215
5,0:00:05,2281
6,0:00:06,2337
7,0:00:07,2248
8,0:00:08,2302
9,0:00:09,2255
10,0:00:10,2222
11,0:00:11,2337
12,0:00:12,2247
13,0:00:13,2332
14,0:00:14,2296
15,0:00:15,2282
16,0:00:16,2250
17,0:00:17,2314
18,0:00:18,2295
19,0:00:19,2241
20,0:00:20,2319
21,0:00:21,2243
22,0:00:22,2355
23,0:00:23,2311
24,0:00:24,2337
25,0:00:25,2327
26,0:00:26,2332
27,0:00:27,2305
28,0:00:28,2275
29,0:00:29,2295
30,0:00:30,2301
31,0:00:31,2305
32,0:00:32,2242
33,0:00:33,2271
34,0:00:34,2338
35,0:00:35,2261
36,0:00:36,2219
37,0:00:37,2257
38,0:00:38,2242
39,0:00:39,2315
40,0:00:40,2307
41,0:00:41,2266
42,0:00:42,2243
43,0:00:43,2255
44,0:00:44,2323
45,0:00:45,2304
46,0:00:46,2278
47,0:00:47,2289
48,0:00:48,2258
49,0:00:49,2339
50,0:00:50,2206
51,0:00:51,2252
52,0:00:52,2247
53,0:00:53,2324
54,0:00:54,2224
55,0:00:55,2302
56,0:00:56,2233
57,0:00:57,2257
58,0:00:58,2235
59,0:00:59,2242
60,0:01:00,2223
61,0:01:01,2271
62,0:01:02,2271
63,0:01:03,2309
64,0:01:04,2286
65,0:01:05,2302
66,0:01:06,2281
67,0:01:07,2229
68,0:01:08,2303
69,0:01:09,2256
70,0:01:10,2227
71,0:01:11,2268
72,0:01:12,2231
73,0:01:13,2266
74,0:01:14,2310
75,0:01:15,2244
76,0:01:16,2266
77,0:01:17,2259
78,0:01:18,2278
79,0:01:19,2259
80,0:01:20,2295
81,0:01:21,2223
82,0:01:22,2310
83,0:01:23,2199
84,0:01:24,2289
85,0:01:25,2297
86,0:01:26,2268
87,0:01:27,2286
88,0:01:28,2277
89,0:01:29,2252
90,0:01:30,2226
91,0:01:31,2268
92,0:01:32,2230
93,0:01:33,2201
94,0:01:34,2280
95,0:01:35,2266
96,0:01:36,2231
97,0:01:37,2193
98,0:01:38,2221
99,0:01:39,2230
100,0:01:40,2254
101,0:01:41,2329
102,0:01:42,2284
103,0:01:43,2285
104,0:01:44,2260
105,0:01:45,2292
106,0:01:46,2291
107,0:01:47,2332
108,0:01:48,2351
109,0:01:49,2261
110,0:01:50,2230
111,0:01:51,2278
112,0:01:52,2235
113,0:01:53,2300
114,0:01:54,2317
115,0:01:55,2217
116,0:01:56,2331
117,0:01:57,2339
118,0:01:58,2319
119,0:01:59,2260
120,0:02:00,2384
121,0:02:01,2302
122,0:02:02,2301
123,0:02:03,2284
124,0:02:04,2376
125,0:02:05,2261
126,0:02:06,2256
127,0:02:07,2354
128,0:02:08,2283
129,0:02:09,2303
130,0:02:10,2238
131,0:02:11,2267
132,0:02:12,2227
133,0:02:13,2253
134,0:02:14,2242
135,0:02:15,2199
136,0:02:16,2273
137,0:02:17,2279
138,0:02:18,2266
139,0:02:19,2352
140,0:02:20,2275
141,0:02:21,2225
142,0:02:22,2245
143,0:02:23,2216
144,0:02:24,2214
145,0:02:25,2249
146,0:02:26,2284
147,0:02:27,2214
148,0:02:28,2269
149,0:02:29,2314
150,0:02:30,2228
151,0:02:31,2262
152,0:02:32,2210
153,0:02:33,2219
154,0:02:34,2287
155,0:02:35,2196
156,0:02:36,2237
157,0:02:37,2309
158,0:02:38,2274
159,0:02:39,2262
160,0:02:40,2164
161,0:02:41,2247
162,0:02:42,2262
163,0:02:43,2292
164,0:02:44,2265
165,0:02:45,2289
166,0:02:46,2299
167,0:02:47,2219
168,0:02:48,2350
169,0:02:49,2246
170,0:02:50,2365
171,0:02:51,2319
172,0:02:52,2278
173,0:02:53,2379
174,0:02:54,2345
175,0:02:55,2409
176,0:02:56,2314
177,0:02:57,2319
178,0:02:58,2275
179,0:02:59,2319
180,0:03:00,2388
181,0:03:01,2263
182,0:03:02,2377
183,0:03:03,2443
184,0:03:04,2346
185,0:03:05,2382
186,0:03:06,2329
187,0:03:07,2399
188,0:03:08,2382
189,0:03:09,2263
190,0:03:10,2317
191,0:03:11,2294
192,0:03:12,2338
193,0:03:13,2234
194,0:03:14,2310
195,0:03:15,2279
196,0:03:16,2277
197,0:03:17,2256
198,0:03:18,2309
199,0:03:19,2332
200,0:03:20,2286
201,0:03:21,2287
202,0:03:22,2272
203,0:03:23,2273
204,0:03:24,2293
205,0:03:25,2302
206,0:03:26,2313
207,0:03:27,2346
208,0:03:28,2262
209,0:03:29,2270
210,0:03:30,2270
211,0:03:31,2285
212,0:03:32,2292
213,0:03:33,2291
214,0:03:34,2253
215,0:03:35,2304
216,0:03:36,2386
217,0:03:37,2249
218,0:03:38,2277
219,0:03:39,2235
220,0:03:40,2249
221,0:03:41,2284
222,0:03:42,2251
223,0:03:43,2316
224,0:03:44,2243
225,0:03:45,2258
226,0:03:46,2323
227,0:03:47,2258
228,0:03:48,2350
229,0:03:49,2384
230,0:03:50,2261
231,0:03:51,2223
232,0:03:52,2338
233,0:03:53,2273
234,0:03:54,2237
235,0:03:55,2241
236,0:03:56,2293
237,0:03:57,2261
238,0:03:58,2339
239,0:03:59,2251
240,0:04:00,2370
241,0:04:01,2337
242,0:04:02,2343
243,0:04:03,2318
244,0:04:04,2294
245,0:04:05,2297
246,0:04:06,2364
247,0:04:07,2306
248,0:04:08,2307
249,0:04:09,2294
250,0:04:10,2290
251,0:04:11,2312
252,0:04:12,2333
253,0:04:13,2396
254,0:04:14,2342
255,0:04:15,2359
256,0:04:16,2304
257,0:04:17,2322
258,0:04:18,2338
259,0:04:19,2412
260,0:04:20,2318
261,0:04:21,2385
262,0:04:22,2379
263,0:04:23,2327
264,0:04:24,2287
265,0:04:25,2338
266,0:04:26,2337
267,0:04:27,2315
268,0:04:28,2382
269,0:04:29,2336
270,0:04:30,2249
271,0:04:31,2274
272,0:04:32,2360
273,0:04:33,2274
274,0:04:34,2230
275,0:04:35,2270
276,0:04:36,2356
277,0:04:37,2274
278,0:04:38,2317
279,0:04:39,2314
280,0:04:40,2284
281,0:04:41,2345
282,0:04:42,2252
283,0:04:43,2255
284,0:04:44,2321
285,0:04:45,2290
286,0:04:46,2288
287,0:04:47,2244
288,0:04:48,2308
289,0:04:49,2305
290,0:04:50,2342
291,0:04:51,2246
292,0:04:52,2347
293,0:04:53,2349
294,0:04:54,2342
295,0:04:55,2260
296,0:04:56,2292
297,0:04:57,2313
298,0:04:58,2328
299,0:04:59,2398
300,0:05:00,2308
301,0:05:01,2292
302,0:05:02,2291
303,0:05:03,2339
304,0:05:04,2326
305,0:05:05,2354
306,0:05:06,2374
307,0:05:07,2442
308,0:05:08,2376
309,0:05:09,2343
310,0:05:10,2423
311,0:05:11,2424
312,0:05:12,2385
313,0:05:13,2409
314,0:05:14,2372
315,0:05:15,2382
316,0:05:16,2414
317,0:05:17,2414
318,0:05:18,2303
319,0:05:19,2273
320,0:05:20,2329
321,0:05:21,2344
322,0:05:22,2237
323,0:05:23,2332
324,0:05:24,2361
325,0:05:25,2311
326,0:05:26,2390
327,0:05:27,2329
328,0:05:28,2336
329,0:05:29,2412
330,0:05:30,2366
331,0:05:31,2292
332,0:05:32,2246
333,0:05:33,2308
334,0:05:34,2253
335,0:05:35,2315
336,0:05:36,2380
337,0:05:37,2362
338,0:05:38,2340
339,0:05:39,2325
340,0:05:40,2368
341,0:05:41,2359
342,0:05:42,2392
343,0:05:43,2414
344,0:05:44,2317
345,0:05:45,2330
346,0:05:46,2315
347,0:05:47,2265
348,0:05:48,2286
349,0:05:49,2410
350,0:05:50,2292
351,0:05:51,2352
352,0:05:52,2367
353,0:05:53,2385
354,0:05:54,2361
355,0:05:55,2334
356,0:05:56,2272
357,0:05:57,2267
358,0:05:58,2256
359,0:05:59,2318
360,0:06:00,2297
361,0:06:01,2352
362,0:06:02,2311
363,0:06:03,2353
364,0:06:04,2347
365,0:06:05,2333
366,0:06:06,2370
367,0:06:07,2422
368,0:06:08,2334
369,0:06:09,2300
370,0:06:10,2294
371,0:06:11,2347
372,0:06:12,2349
373,0:06:13,2369
374,0:06:14,2374
375,0:06:15,2349
376,0:06:16,2412
377,0:06:17,2342
378,0:06:18,2397
379,0:06:19,2469
380,0:06:20,2381
381,0:06:21,2383
382,0:06:22,2395
383,0:06:23,2437
384,0:06:24,2390
385,0:06:25,2383
386,0:06:26,2398
387,0:06:27,2363
388,0:06:28,2347
389,0:06:29,2371
390,0:06:30,2253
391,0:06:31,2320
392,0:06:32,2400
393,0:06:33,2283
394,0:06:34,2315
395,0:06:35,2295
396,0:06:36,2399
397,0:06:37,2370
398,0:06:38,2371
399,0:06:39,2357
400,0:06:40,2411
401,0:06:41,2438
402,0:06:42,2339
403,0:06:43,2252
404,0:06:44,2368
405,0:06:45,2318
406,0:06:46,2367
407,0:06:47,2391
408,0:06:48,2397
409,0:06:49,2349
410,0:06:50,2402
411,0:06:51,2431
412,0:06:52,2418
413,0:06:53,2439
414,0:06:54,2438
415,0:06:55,2407
416,0:06:56,2429
417,0:06:57,2390
418,0:06:58,2374
419,0:06:59,2491
420,0:07:00,2435
421,0:07:01,2464
422,0:07:02,2396
423,0:07:03,2467
424,0:07:04,2499
425,0:07:05,2388
426,0:07:06,2383
427,0:07:07,2416
428,0:07:08,2436
429,0:07:09,2427
430,0:07:10,2475
431,0:07:11,2504
432,0:07:12,2438
433,0:07:13,2446
434,0:07:14,2478
435,0:07:15,2547
436,0:07:16,2533
437,0:07:17,2510
438,0:07:18,2516
439,0:07:19,2527
440,0:07:20,2506
441,0:07:21,2525
442,0:07:22,2482
443,0:07:23,2460
444,0:07:24,2553
445,0:07:25,2444
446,0:07:26,2398
447,0:07:27,2495
448,0:07:28,2514
449,0:07:29,2427
450,0:07:30,2436
451,0:07:31,2450
452,0:07:32,2467
453,0:07:33,2403
454,0:07:34,2373
455,0:07:35,2298
456,0:07:36,2469
457,0:07:37,2563
458,0:07:38,2669
459,0:07:39,2514
460,0:07:40,2544
461,0:07:41,2536
462,0:07:42,2449
463,0:07:43,2440
464,0:07:44,2462
465,0:07:45,2473
466,0:07:46,2446
467,0:07:47,2516
468,0:07:48,2567
469,0:07:49,2462
470,0:07:50,2493
471,0:07:51,2563
472,0:07:52,2563
473,0:07:53,2593
474,0:07:54,2601
475,0:07:55,2589
476,0:07:56,2471
477,0:07:57,2502
478,0:07:58,2444
479,0:07:59,2470
480,0:08:00,2551
481,0:08:01,2461
482,0:08:02,2547
483,0:08:03,2547
484,0:08:04,2540
485,0:08:05,2568
486,0:08:06,2476
487,0:08:07,2595
488,0:08:08,2549
489,0:08:09,2579
490,0:08:10,2334
491,0:08:11,2348
492,0:08:12,2445
493,0:08:13,2518
494,0:08:14,2621
495,0:08:15,2616
496,0:08:16,2596
497,0:08:17,2521
498,0:08:18,2551
499,0:08:19,2499
500,0:08:20,2490
501,0:08:21,2489
502,0:08:22,2365
503,0:08:23,2549
504,0:08:24,2573
505,0:08:25,2474
506,0:08:26,2596
507,0:08:27,2614
508,0:08:28,2565
509,0:08:29,2562
510,0:08:30,2579
511,0:08:31,2639
512,0:08:32,2440
513,0:08:33,2372
514,0:08:34,2415
515,0:08:35,2443
516,0:08:36,2478
517,0:08:37,2569
518,0:08:38,2634
519,0:08:39,2608
520,0:08:40,2621
521,0:08:41,2624
522,0:08:42,2590
523,0:08:43,2601
524,0:08:44,2511
525,0:08:45,2511
526,0:08:46,2483
527,0:08:47,2483
528,0:08:48,2452
529,0:08:49,2532
530,0:08:50,2574
531,0:08:51,2529
532,0:08:52,2466
533,0:08:53,2394
534,0:08:54,2492
535,0:08:55,2415
536,0:08:56,2504
537,0:08:57,2469
538,0:08:58,2440
539,0:08:59,2415
540,0:09:00,2461
541,0:09:01,2480
542,0:09:02,2417
543,0:09:03,2420
544,0:09:04,2512
545,0:09:05,2523
546,0:09:06,2436
547,0:09:07,2441
548,0:09:08,2343
549,0:09:09,2573
550,0:09:10,2550
551,0:09:11,2568
552,0:09:12,2529
553,0:09:13,2574
554,0:09:14,2548
555,0:09:15,2427
556,0:09:16,2407
557,0:09:17,2557
558,0:09:18,2557
559,0:09:19,2544
560,0:09:20,2573
561,0:09:21,2541
562,0:09:22,2646
563,0:09:23,2465
564,0:09:24,2410
565,0:09:25,2490
566,0:09:26,2464
567,0:09:27,2568
568,0:09:28,2536
569,0:09:29,2577
570,0:09:30,2523
571,0:09:31,2525
572,0:09:32,2586
573,0:09:33,2608
574,0:09:34,2503
575,0:09:35,2521
576,0:09:36,2531
577,0:09:37,2512
578,0:09:38,2591
579,0:09:39,2569
580,0:09:40,2619
581,0:09:41,2646
582,0:09:42,2558
583,0:09:43,2709
584,0:09:44,2610
585,0:09:45,2698
586,0:09:46,2628
587,0:09:47,2481
588,0:09:48,2379
589,0:09:49,2550
590,0:09:50,2645
591,0:09:51,2562
592,0:09:52,2637
593,0:09:53,2653
594,0:09:54,2655
595,0:09:55,2703
596,0:09:56,2686
597,0:09:57,2674
598,0:09:58,2356
599,0:09:59,2447
600,0:10:00,2516
601,0:10:01,2584
602,0:10:02,2607
603,0:10:03,2684
604,0:10:04,2737
605,0:10:05,2644
606,0:10:06,2720
607,0:10:07,2658
608,0:10:08,2742
609,0:10:09,2582
610,0:10:10,2494
611,0:10:11,2397
612,0:10:12,2428
613,0:10:13,2607
614,0:10:14,2674
615,0:10:15,2643
616,0:10:16,2652
617,0:10:17,2712
618,0:10:18,2720
619,0:10:19,2772
620,0:10:20,2770
621,0:10:21,2687
622,0:10:22,2702
623,0:10:23,2508
624,0:10:24,2550
625,0:10:25,2653
626,0:10:26,2631
627,0:10:27,2804
628,0:10:28,2739
629,0:10:29,2680
630,0:10:30,2712
631,0:10:31,2769
632,0:10:32,2654
633,0:10:33,2650
634,0:10:34,2652
635,0:10:35,2685
636,0:10:36,2794
637,0:10:37,2612
638,0:10:38,2639
639,0:10:39,2769
640,0:10:40,2720
641,0:10:41,2749
642,0:10:42,2720

TC(usec),,CH01
No,Time (hr:min:sec),LeftLU,Event messages
0,0:00:00,8
1,0:00:01,8
2,0:00:02,8
3,0:00:03,8
4,0:00:04,8
5,0:00:05,8
6,0:00:06,8
7,0:00:07,8
8,0:00:08,8
9,0:00:09,8
10,0:00:10,8
11,0:00:11,8
12,0:00:12,8
13,0:00:13,8
14,0:00:14,8
15,0:00:15,8
16,0:00:16,8
17,0:00:17,8
18,0:00:18,8
19,0:00:19,8
20,0:00:20,8
21,0:00:21,8
22,0:00:22,8
23,0:00:23,8
24,0:00:24,8
25,0:00:25,8
26,0:00:26,8
27,0:00:27,8
28,0:00:28,8
29,0:00:29,8
30,0:00:30,8
31,0:00:31,8
32,0:00:32,8
33,0:00:33,8
34,0:00:34,8
35,0:00:35,8
36,0:00:36,8
37,0:00:37,8
38,0:00:38,8
39,0:00:39,8
40,0:00:40,8
41,0:00:41,8
42,0:00:42,8
43,0:00:43,8
44,0:00:44,8
45,0:00:45,8
46,0:00:46,8
47,0:00:47,8
48,0:00:48,8
49,0:00:49,8
50,0:00:50,8
51,0:00:51,8
52,0:00:52,8
53,0:00:53,8
54,0:00:54,8
55,0:00:55,8
56,0:00:56,8
57,0:00:57,8
58,0:00:58,8
59,0:00:59,8
60,0:01:00,8
61,0:01:01,8
62,0:01:02,8
63,0:01:03,8
64,0:01:04,8
65,0:01:05,8
66,0:01:06,8
67,0:01:07,8
68,0:01:08,8
69,0:01:09,8
70,0:01:10,8
71,0:01:11,8
72,0:01:12,8
73,0:01:13,8
74,0:01:14,8
75,0:01:15,8
76,0:01:16,8
77,0:01:17,8
78,0:01:18,8
79,0:01:19,8
80,0:01:20,8
81,0:01:21,8
82,0:01:22,8
83,0:01:23,8
84,0:01:24,8
85,0:01:25,8
86,0:01:26,8
87,0:01:27,8
88,0:01:28,8
89,0:01:29,8
90,0:01:30,8
91,0:01:31,8
92,0:01:32,8
93,0:01:33,8
94,0:01:34,8
95,0:01:35,8
96,0:01:36,8
97,0:01:37,8
98,0:01:38,8
99,0:01:39,8
100,0:01:40,8
101,0:01:41,8
102,0:01:42,8
103,0:01:43,8
104,0:01:44,8
105,0:01:45,8
106,0:01:46,8
107,0:01:47,8
108,0:01:48,8
109,0:01:49,8
110,0:01:50,8
111,0:01:51,8
112,0:01:52,8
113,0:01:53,8
114,0:01:54,8
115,0:01:55,8
116,0:01:56,8
117,0:01:57,8
118,0:01:58,8
119,0:01:59,8
120,0:02:00,8
121,0:02:01,8
122,0:02:02,8
123,0:02:03,8
124,0:02:04,8
125,0:02:05,8
126,0:02:06,8
127,0:02:07,8
128,0:02:08,8
129,0:02:09,8
130,0:02:10,8
131,0:02:11,8
132,0:02:12,8
133,0:02:13,8
134,0:02:14,8
135,0:02:15,8
136,0:02:16,8
137,0:02:17,8
138,0:02:18,8
139,0:02:19,8
140,0:02:20,8
141,0:02:21,8
142,0:02:22,8
143,0:02:23,8
144,0:02:24,8
145,0:02:25,8
146,0:02:26,8
147,0:02:27,8
148,0:02:28,8
149,0:02:29,8
150,0:02:30,8
151,0:02:31,8
152,0:02:32,8
153,0:02:33,8
154,0:02:34,8
155,0:02:35,8
156,0:02:36,8
157,0:02:37,8
158,0:02:38,8
159,0:02:39,8
160,0:02:40,8
161,0:02:41,8
162,0:02:42,8
163,0:02:43,8
164,0:02:44,8
165,0:02:45,8
166,0:02:46,8
167,0:02:47,8
168,0:02:48,8
169,0:02:49,8
170,0:02:50,8
171,0:02:51,8
172,0:02:52,8
173,0:02:53,8
174,0:02:54,8
175,0:02:55,8
176,0:02:56,8
177,0:02:57,8
178,0:02:58,8
179,0:02:59,8
180,0:03:00,8
181,0:03:01,8
182,0:03:02,8
183,0:03:03,8
184,0:03:04,8
185,0:03:05,8
186,0:03:06,8
187,0:03:07,8
188,0:03:08,8
189,0:03:09,8
190,0:03:10,8
191,0:03:11,8
192,0:03:12,8
193,0:03:13,8
194,0:03:14,8
195,0:03:15,8
196,0:03:16,8
197,0:03:17,8
198,0:03:18,8
199,0:03:19,8
200,0:03:20,8
201,0:03:21,8
202,0:03:22,8
203,0:03:23,8
204,0:03:24,8
205,0:03:25,8
206,0:03:26,8
207,0:03:27,8
208,0:03:28,8
209,0:03:29,8
210,0:03:30,8
211,0:03:31,8
212,0:03:32,8
213,0:03:33,8
214,0:03:34,8
215,0:03:35,8
216,0:03:36,8
217,0:03:37,8
218,0:03:38,8
219,0:03:39,8
220,0:03:40,8
221,0:03:41,8
222,0:03:42,8
223,0:03:43,8
224,0:03:44,8
225,0:03:45,8
226,0:03:46,8
227,0:03:47,8
228,0:03:48,8
229,0:03:49,8
230,0:03:50,8
231,0:03:51,8
232,0:03:52,8
233,0:03:53,8
234,0:03:54,8
235,0:03:55,8
236,0:03:56,8
237,0:03:57,8
238,0:03:58,8
239,0:03:59,8
240,0:04:00,8
241,0:04:01,8
242,0:04:02,8
243,0:04:03,8
244,0:04:04,8
245,0:04:05,8
246,0:04:06,8
247,0:04:07,8
248,0:04:08,8
249,0:04:09,8
250,0:04:10,8
251,0:04:11,8
252,0:04:12,8
253,0:04:13,8
254,0:04:14,8
255,0:04:15,8
256,0:04:16,8
257,0:04:17,8
258,0:04:18,8
259,0:04:19,8
260,0:04:20,8
261,0:04:21,8
262,0:04:22,8
263,0:04:23,8
264,0:04:24,8
265,0:04:25,8
266,0:04:26,8
267,0:04:27,8
268,0:04:28,8
269,0:04:29,8
270,0:04:30,8
271,0:04:31,8
272,0:04:32,8
273,0:04:33,8
274,0:04:34,8
275,0:04:35,8
276,0:04:36,8
277,0:04:37,8
278,0:04:38,8
279,0:04:39,8
280,0:04:40,8
281,0:04:41,8
282,0:04:42,8
283,0:04:43,8
284,0:04:44,8
285,0:04:45,8
286,0:04:46,8
287,0:04:47,8
288,0:04:48,8
289,0:04:49,8
290,0:04:50,8
291,0:04:51,8
292,0:04:52,8
293,0:04:53,8
294,0:04:54,8
295,0:04:55,8
296,0:04:56,8
297,0:04:57,8
298,0:04:58,8
299,0:04:59,8
300,0:05:00,8
301,0:05:01,8
302,0:05:02,8
303,0:05:03,8
304,0:05:04,8
305,0:05:05,8
306,0:05:06,8
307,0:05:07,8
308,0:05:08,8
309,0:05:09,8
310,0:05:10,8
311,0:05:11,8
312,0:05:12,8
313,0:05:13,8
314,0:05:14,8
315,0:05:15,8
316,0:05:16,8
317,0:05:17,8
318,0:05:18,8
319,0:05:19,8
320,0:05:20,8
321,0:05:21,8
322,0:05:22,8
323,0:05:23,8
324,0:05:24,8
325,0:05:25,8
326,0:05:26,8
327,0:05:27,8
328,0:05:28,8
329,0:05:29,8
330,0:05:30,8
331,0:05:31,8
332,0:05:32,8
333,0:05:33,8
334,0:05:34,8
335,0:05:35,8
336,0:05:36,8
337,0:05:37,8
338,0:05:38,8
339,0:05:39,8
340,0:05:40,8
341,0:05:41,8
342,0:05:42,8
343,0:05:43,8
344,0:05:44,8
345,0:05:45,8
346,0:05:46,8
347,0:05:47,8
348,0:05:48,8
349,0:05:49,8
350,0:05:50,8
351,0:05:51,8
352,0:05:52,8
353,0:05:53,8
354,0:05:54,8
355,0:05:55,8
356,0:05:56,8
357,0:05:57,8
358,0:05:58,8
359,0:05:59,8
360,0:06:00,8
361,0:06:01,8
362,0:06:02,8
363,0:06:03,8
364,0:06:04,8
365,0:06:05,8
366,0:06:06,8
367,0:06:07,8
368,0:06:08,8
369,0:06:09,8
370,0:06:10,8
371,0:06:11,8
372,0:06:12,8
373,0:06:13,8
374,0:06:14,8
375,0:06:15,8
376,0:06:16,8
377,0:06:17,8
378,0:06:18,8
379,0:06:19,8
380,0:06:20,8
381,0:06:21,8
382,0:06:22,8
383,0:06:23,8
384,0:06:24,8
385,0:06:25,8
386,0:06:26,8
387,0:06:27,8
388,0:06:28,8
389,0:06:29,8
390,0:06:30,8
391,0:06:31,8
392,0:06:32,8
393,0:06:33,8
394,0:06:34,8
395,0:06:35,8
396,0:06:36,8
397,0:06:37,8
398,0:06:38,8
399,0:06:39,8
400,0:06:40,8
401,0:06:41,8
402,0:06:42,8
403,0:06:43,8
404,0:06:44,8
405,0:06:45,8
406,0:06:46,8
407,0:06:47,8
408,0:06:48,8
409,0:06:49,8
410,0:06:50,8
411,0:06:51,8
412,0:06:52,8
413,0:06:53,8
414,0:06:54,8
415,0:06:55,8
416,0:06:56,8
417,0:06:57,8
418,0:06:58,8
419,0:06:59,8
420,0:07:00,8
421,0:07:01,8
422,0:07:02,8
423,0:07:03,8
424,0:07:04,8
425,0:07:05,8
426,0:07:06,8
427,0:07:07,8
428,0:07:08,8
429,0:07:09,8
430,0:07:10,8
431,0:07:11,8
432,0:07:12,8
433,0:07:13,8
434,0:07:14,8
435,0:07:15,8
436,0:07:16,8
437,0:07:17,8
438,0:07:18,8
439,0:07:19,8
440,0:07:20,8
441,0:07:21,8
442,0:07:22,8
443,0:07:23,8
444,0:07:24,8
445,0:07:25,8
446,0:07:26,8
447,0:07:27,8
448,0:07:28,8
449,0:07:29,8
450,0:07:30,8
451,0:07:31,8
452,0:07:32,8
453,0:07:33,8
454,0:07:34,8
455,0:07:35,8
456,0:07:36,8
457,0:07:37,8
458,0:07:38,8
459,0:07:39,8
460,0:07:40,8
461,0:07:41,8
462,0:07:42,8
463,0:07:43,8
464,0:07:44,8
465,0:07:45,8
466,0:07:46,8
467,0:07:47,8
468,0:07:48,8
469,0:07:49,8
470,0:07:50,8
471,0:07:51,8
472,0:07:52,8
473,0:07:53,8
474,0:07:54,9
475,0:07:55,8
476,0:07:56,9
477,0:07:57,8
478,0:07:58,8
479,0:07:59,8
480,0:08:00,9
481,0:08:01,8
482,0:08:02,8
483,0:08:03,9
484,0:08:04,9
485,0:08:05,8
486,0:08:06,9
487,0:08:07,9
488,0:08:08,9
489,0:08:09,8
490,0:08:10,8
491,0:08:11,8
492,0:08:12,8
493,0:08:13,8
494,0:08:14,8
495,0:08:15,8
496,0:08:16,8
497,0:08:17,8
498,0:08:18,8
499,0:08:19,8
500,0:08:20,8
501,0:08:21,8
502,0:08:22,8
503,0:08:23,8
504,0:08:24,8
505,0:08:25,8
506,0:08:26,8
507,0:08:27,8
508,0:08:28,8
509,0:08:29,8
510,0:08:30,8
511,0:08:31,8
512,0:08:32,8
513,0:08:33,8
514,0:08:34,8
515,0:08:35,8
516,0:08:36,8
517,0:08:37,8
518,0:08:38,8
519,0:08:39,8
520,0:08:40,8
521,0:08:41,8
522,0:08:42,8
523,0:08:43,8
524,0:08:44,8
525,0:08:45,8
526,0:08:46,8
527,0:08:47,8
528,0:08:48,8
529,0:08:49,8
530,0:08:50,8
531,0:08:51,8
532,0:08:52,8
533,0:08:53,8
534,0:08:54,9
535,0:08:55,8
536,0:08:56,8
537,0:08:57,8
538,0:08:58,8
539,0:08:59,8
540,0:09:00,8
541,0:09:01,8
542,0:09:02,8
543,0:09:03,8
544,0:09:04,8
545,0:09:05,8
546,0:09:06,8
547,0:09:07,8
548,0:09:08,8
549,0:09:09,8
550,0:09:10,8
551,0:09:11,9
552,0:09:12,8
553,0:09:13,8
554,0:09:14,8
555,0:09:15,8
556,0:09:16,8
557,0:09:17,9
558,0:09:18,8
559,0:09:19,9
560,0:09:20,9
561,0:09:21,9
562,0:09:22,8
563,0:09:23,8
564,0:09:24,8
565,0:09:25,8
566,0:09:26,8
567,0:09:27,8
568,0:09:28,8
569,0:09:29,9
570,0:09:30,9
571,0:09:31,8
572,0:09:32,9
573,0:09:33,9
574,0:09:34,8
575,0:09:35,8
576,0:09:36,8
577,0:09:37,8
578,0:09:38,9
579,0:09:39,9
580,0:09:40,8
581,0:09:41,8
582,0:09:42,8
583,0:09:43,9
584,0:09:44,9
585,0:09:45,9
586,0:09:46,9
587,0:09:47,8
588,0:09:48,8
589,0:09:49,8
590,0:09:50,9
591,0:09:51,8
592,0:09:52,9
593,0:09:53,9
594,0:09:54,9
595,0:09:55,9
596,0:09:56,9
597,0:09:57,9
598,0:09:58,8
599,0:09:59,8
600,0:10:00,8
601,0:10:01,8
602,0:10:02,8
603,0:10:03,8
604,0:10:04,8
605,0:10:05,8
606,0:10:06,8
607,0:10:07,8
608,0:10:08,8
609,0:10:09,8
610,0:10:10,8
611,0:10:11,8
612,0:10:12,8
613,0:10:13,8
614,0:10:14,8
615,0:10:15,8
616,0:10:16,8
617,0:10:17,8
618,0:10:18,8
619,0:10:19,8
620,0:10:20,8
621,0:10:21,8
622,0:10:22,8
623,0:10:23,8
624,0:10:24,8
625,0:10:25,8
626,0:10:26,8
627,0:10:27,8
628,0:10:28,8
629,0:10:29,8
630,0:10:30,8
631,0:10:31,8
632,0:10:32,8
633,0:10:33,8
634,0:10:34,8
635,0:10:35,8
636,0:10:36,8
637,0:10:37,9
638,0:10:38,9
639,0:10:39,9
640,0:10:40,9
641,0:10:41,9
642,0:10:42,9
