Subject name,
Gender,Male
Age,0
Comment,
Weather,
Temperature(F),
Pressure(hPa),
Humidity(%),
Measurement location,
Experimenter name,
Baud Rate,9600
Channel interval time (msec),122
Round interval time (sec),2
Round repeats number,1031
Total channels number got data,1
Start time,4/9/2026 1:30:00 PM
End time,4/9/2026 2:04:21 PM

BP(uA),,CH01
No,Time (hr:min:sec),LeftLU,Event messages
0,0:00:00,2744
1,0:00:02,2732
2,0:00:04,2739
3,0:00:06,2755
4,0:00:08,2727
5,0:00:10,2734
6,0:00:12,2756
7,0:00:14,2753
8,0:00:16,2743
9,0:00:18,2719
10,0:00:20,2761
11,0:00:22,2724
12,0:00:24,2735
13,0:00:26,2734
14,0:00:28,2743
15,0:00:30,2790
16,0:00:32,2758
17,0:00:34,2728
18,0:00:36,2716
19,0:00:38,2739
20,0:00:40,2711
21,0:00:42,2737
22,0:00:44,2756
23,0:00:46,2755
24,0:00:48,2747
25,0:00:50,2791
26,0:00:52,2748
27,0:00:54,2764
28,0:00:56,2721
29,0:00:58,2727
30,0:01:00,2747
31,0:01:02,2800
32,0:01:04,2755
33,0:01:06,2769
34,0:01:08,2769
35,0:01:10,2771
36,0:01:12,2793
37,0:01:14,2771
38,0:01:16,2760
39,0:01:18,2752
40,0:01:20,2750
41,0:01:22,2745
42,0:01:24,2747
43,0:01:26,2757
44,0:01:28,2759
45,0:01:30,2756
46,0:01:32,2755
47,0:01:34,2776
48,0:01:36,2772
49,0:01:38,2755
50,0:01:40,2767
51,0:01:42,2755
52,0:01:44,2775
53,0:01:46,2767
54,0:01:48,2758
55,0:01:50,2755
56,0:01:52,2755
57,0:01:54,2744
58,0:01:56,2707
59,0:01:58,2767
60,0:02:00,2776
61,0:02:02,2752
62,0:02:04,2793
63,0:02:06,2793
64,0:02:08,2801
65,0:02:10,2814
66,0:02:12,2751
67,0:02:14,2771
68,0:02:16,2791
69,0:02:18,2787
70,0:02:20,2825
71,0:02:22,2811
72,0:02:24,2803
73,0:02:26,2871
74,0:02:28,2840
75,0:02:30,2830
76,0:02:32,2780
77,0:02:34,2798
78,0:02:36,2820
79,0:02:38,2793
80,0:02:40,2803
81,0:02:42,2800
82,0:02:44,2796
83,0:02:46,2790
84,0:02:48,2803
85,0:02:50,2806
86,0:02:52,2803
87,0:02:54,2812
88,0:02:56,2843
89,0:02:58,2824
90,0:03:00,2828
91,0:03:02,2851
92,0:03:04,2831
93,0:03:06,2836
94,0:03:08,2828
95,0:03:10,2844
96,0:03:12,2855
97,0:03:14,2863
98,0:03:16,2848
99,0:03:18,2851
100,0:03:20,2830
101,0:03:22,2800
102,0:03:24,2803
103,0:03:26,2800
104,0:03:28,2799
105,0:03:30,2795
106,0:03:32,2790
107,0:03:34,2793
108,0:03:36,2817
109,0:03:38,2808
110,0:03:40,2824
111,0:03:42,2812
112,0:03:44,2823
113,0:03:46,2801
114,0:03:48,2822
115,0:03:50,2835
116,0:03:52,2839
117,0:03:54,2801
118,0:03:56,2817
119,0:03:58,2823
120,0:04:00,2851
121,0:04:02,2854
122,0:04:04,2835
123,0:04:06,2848
124,0:04:08,2867
125,0:04:10,2848
126,0:04:12,2840
127,0:04:14,2856
128,0:04:16,2844
129,0:04:18,2847
130,0:04:20,2832
131,0:04:22,2811
132,0:04:24,2798
133,0:04:26,2760
134,0:04:28,2790
135,0:04:30,2771
136,0:04:32,2803
137,0:04:34,2792
138,0:04:36,2823
139,0:04:38,2777
140,0:04:40,2809
141,0:04:42,2822
142,0:04:44,2808
143,0:04:46,2831
144,0:04:48,2833
145,0:04:50,2847
146,0:04:52,2808
147,0:04:54,2849
148,0:04:56,2835
149,0:04:58,2847
150,0:05:00,2864
151,0:05:02,2857
152,0:05:04,2851
153,0:05:06,2836
154,0:05:08,2820
155,0:05:10,2783
156,0:05:12,2824
157,0:05:14,2807
158,0:05:16,2806
159,0:05:18,2819
160,0:05:20,2771
161,0:05:22,2808
162,0:05:24,2776
163,0:05:26,2806
164,0:05:28,2791
165,0:05:30,2841
166,0:05:32,2860
167,0:05:34,2820
168,0:05:36,2851
169,0:05:38,2851
170,0:05:40,2861
171,0:05:42,2859
172,0:05:44,2843
173,0:05:46,2864
174,0:05:48,2851
175,0:05:50,2859
176,0:05:52,2911
177,0:05:54,2857
178,0:05:56,2871
179,0:05:58,2879
180,0:06:00,2876
181,0:06:02,2870
182,0:06:04,2899
183,0:06:06,2872
184,0:06:08,2858
185,0:06:10,2872
186,0:06:12,2838
187,0:06:14,2849
188,0:06:16,2822
189,0:06:18,2801
190,0:06:20,2825
191,0:06:22,2823
192,0:06:24,2811
193,0:06:26,2824
194,0:06:28,2825
195,0:06:30,2823
196,0:06:32,2831
197,0:06:34,2839
198,0:06:36,2844
199,0:06:38,2839
200,0:06:40,2839
201,0:06:42,2847
202,0:06:44,2812
203,0:06:46,2858
204,0:06:48,2840
205,0:06:50,2861
206,0:06:52,2865
207,0:06:54,2837
208,0:06:56,2894
209,0:06:58,2881
210,0:07:00,2870
211,0:07:02,2887
212,0:07:04,2899
213,0:07:06,2892
214,0:07:08,2886
215,0:07:10,2876
216,0:07:12,2889
217,0:07:14,2863
218,0:07:16,2832
219,0:07:18,2847
220,0:07:20,2819
221,0:07:22,2847
222,0:07:24,2819
223,0:07:26,2828
224,0:07:28,2835
225,0:07:30,2812
226,0:07:32,2851
227,0:07:34,2857
228,0:07:36,2857
229,0:07:38,2814
230,0:07:40,2843
231,0:07:42,2840
232,0:07:44,2831
233,0:07:46,2871
234,0:07:48,2841
235,0:07:50,2864
236,0:07:52,2857
237,0:07:54,2847
238,0:07:56,2844
239,0:07:58,2892
240,0:08:00,2871
241,0:08:02,2879
242,0:08:04,2911
243,0:08:06,2894
244,0:08:08,2913
245,0:08:10,2899
246,0:08:12,2891
247,0:08:14,2892
248,0:08:16,2879
249,0:08:18,2860
250,0:08:20,2870
251,0:08:22,2851
252,0:08:24,2824
253,0:08:26,2809
254,0:08:28,2841
255,0:08:30,2815
256,0:08:32,2822
257,0:08:34,2829
258,0:08:36,2855
259,0:08:38,2849
260,0:08:40,2800
261,0:08:42,2808
262,0:08:44,2781
263,0:08:46,2790
264,0:08:48,2827
265,0:08:50,2840
266,0:08:52,2835
267,0:08:54,2831
268,0:08:56,2817
269,0:08:58,2844
270,0:09:00,2822
271,0:09:02,2736
272,0:09:04,2764
273,0:09:06,2752
274,0:09:08,2755
275,0:09:10,2775
276,0:09:12,2742
277,0:09:14,2775
278,0:09:16,2801
279,0:09:18,2784
280,0:09:20,2832
281,0:09:22,2825
282,0:09:24,2822
283,0:09:26,2844
284,0:09:28,2823
285,0:09:30,2819
286,0:09:32,2848
287,0:09:34,2872
288,0:09:36,2856
289,0:09:38,2867
290,0:09:40,2831
291,0:09:42,2883
292,0:09:44,2908
293,0:09:46,2942
294,0:09:48,2911
295,0:09:50,2939
296,0:09:52,2942
297,0:09:54,2907
298,0:09:56,2940
299,0:09:58,2898
300,0:10:00,2923
301,0:10:02,2905
302,0:10:04,2870
303,0:10:06,2883
304,0:10:08,2864
305,0:10:10,2865
306,0:10:12,2857
307,0:10:14,2862
308,0:10:16,2881
309,0:10:18,2915
310,0:10:20,2903
311,0:10:22,2908
312,0:10:24,2937
313,0:10:26,2915
314,0:10:28,2921
315,0:10:30,2899
316,0:10:32,2926
317,0:10:34,2975
318,0:10:36,2956
319,0:10:38,2936
320,0:10:40,2959
321,0:10:42,2975
322,0:10:44,2977
323,0:10:46,2966
324,0:10:48,2983
325,0:10:50,2999
326,0:10:52,3004
327,0:10:54,2985
328,0:10:56,2960
329,0:10:58,2959
330,0:11:00,2910
331,0:11:02,2903
332,0:11:04,2904
333,0:11:06,2910
334,0:11:08,2905
335,0:11:10,2899
336,0:11:12,2886
337,0:11:14,2908
338,0:11:16,2908
339,0:11:18,2905
340,0:11:20,2899
341,0:11:22,2919
342,0:11:24,2908
343,0:11:26,2931
344,0:11:28,2905
345,0:11:30,2936
346,0:11:32,2939
347,0:11:34,2951
348,0:11:36,2828
349,0:11:38,2961
350,0:11:40,2964
351,0:11:42,2952
352,0:11:44,2993
353,0:11:46,2940
354,0:11:48,2967
355,0:11:50,2972
356,0:11:52,2980
357,0:11:54,2967
358,0:11:56,2999
359,0:11:58,2991
360,0:12:00,2959
361,0:12:02,2985
362,0:12:04,2959
363,0:12:06,3003
364,0:12:08,2982
365,0:12:10,2984
366,0:12:12,2963
367,0:12:14,2934
368,0:12:16,2919
369,0:12:18,2924
370,0:12:20,2902
371,0:12:22,2911
372,0:12:24,2868
373,0:12:26,2860
374,0:12:28,2823
375,0:12:30,2891
376,0:12:32,2865
377,0:12:34,2865
378,0:12:36,2894
379,0:12:38,2870
380,0:12:40,2899
381,0:12:42,2875
382,0:12:44,2921
383,0:12:46,2905
384,0:12:48,2927
385,0:12:50,2943
386,0:12:52,2910
387,0:12:54,2950
388,0:12:56,2961
389,0:12:58,2975
390,0:13:00,2979
391,0:13:02,2980
392,0:13:04,2959
393,0:13:06,2992
394,0:13:08,3007
395,0:13:10,2959
396,0:13:12,2991
397,0:13:14,2988
398,0:13:16,2988
399,0:13:18,2993
400,0:13:20,2966
401,0:13:22,3011
402,0:13:24,2974
403,0:13:26,2972
404,0:13:28,2972
405,0:13:30,2964
406,0:13:32,2968
407,0:13:34,2927
408,0:13:36,2931
409,0:13:38,2919
410,0:13:40,2895
411,0:13:42,2876
412,0:13:44,2851
413,0:13:46,2875
414,0:13:48,2863
415,0:13:50,2839
416,0:13:52,2838
417,0:13:54,2862
418,0:13:56,2867
419,0:13:58,2874
420,0:14:00,2887
421,0:14:02,2870
422,0:14:04,2873
423,0:14:06,2871
424,0:14:08,2887
425,0:14:10,2888
426,0:14:12,2907
427,0:14:14,2910
428,0:14:16,2887
429,0:14:18,2931
430,0:14:20,2894
431,0:14:22,2891
432,0:14:24,2927
433,0:14:26,2907
434,0:14:28,2916
435,0:14:30,2896
436,0:14:32,2856
437,0:14:34,2929
438,0:14:36,2864
439,0:14:38,2940
440,0:14:40,2889
441,0:14:42,2981
442,0:14:44,2968
443,0:14:46,2996
444,0:14:48,2975
445,0:14:50,2988
446,0:14:52,2941
447,0:14:54,2963
448,0:14:56,2923
449,0:14:58,2919
450,0:15:00,2928
451,0:15:02,2849
452,0:15:04,2830
453,0:15:06,2819
454,0:15:08,2830
455,0:15:10,2799
456,0:15:12,2830
457,0:15:14,2831
458,0:15:16,2844
459,0:15:18,2838
460,0:15:20,2852
461,0:15:22,2881
462,0:15:24,2902
463,0:15:26,2910
464,0:15:28,2919
465,0:15:30,2934
466,0:15:32,2951
467,0:15:34,2957
468,0:15:36,2921
469,0:15:38,2947
470,0:15:40,2958
471,0:15:42,2958
472,0:15:44,2932
473,0:15:46,2955
474,0:15:48,2978
475,0:15:50,2972
476,0:15:52,2959
477,0:15:54,2953
478,0:15:56,2915
479,0:15:58,2951
480,0:16:00,2968
481,0:16:02,2947
482,0:16:04,2935
483,0:16:06,2924
484,0:16:08,2864
485,0:16:10,2904
486,0:16:12,2865
487,0:16:14,2820
488,0:16:16,2812
489,0:16:18,2812
490,0:16:20,2803
491,0:16:22,2800
492,0:16:24,2817
493,0:16:26,2822
494,0:16:28,2840
495,0:16:30,2833
496,0:16:32,2827
497,0:16:34,2879
498,0:16:36,2901
499,0:16:38,2895
500,0:16:40,2899
501,0:16:42,2943
502,0:16:44,2937
503,0:16:46,2912
504,0:16:48,2927
505,0:16:50,2951
506,0:16:52,2953
507,0:16:54,2953
508,0:16:56,2959
509,0:16:58,2935
510,0:17:00,2968
511,0:17:02,2990
512,0:17:04,2969
513,0:17:06,2983
514,0:17:08,2972
515,0:17:10,2961
516,0:17:12,2956
517,0:17:14,2956
518,0:17:16,2935
519,0:17:18,2927
520,0:17:20,2927
521,0:17:22,2928
522,0:17:24,2899
523,0:17:26,2887
524,0:17:28,2867
525,0:17:30,2847
526,0:17:32,2839
527,0:17:34,2820
528,0:17:36,2804
529,0:17:38,2824
530,0:17:40,2837
531,0:17:42,2859
532,0:17:44,2855
533,0:17:46,2847
534,0:17:48,2857
535,0:17:50,2845
536,0:17:52,2878
537,0:17:54,2832
538,0:17:56,2856
539,0:17:58,2832
540,0:18:00,2840
541,0:18:02,2848
542,0:18:04,2860
543,0:18:06,2868
544,0:18:08,2868
545,0:18:10,2831
546,0:18:12,2899
547,0:18:14,2841
548,0:18:16,2865
549,0:18:18,2860
550,0:18:20,2867
551,0:18:22,2871
552,0:18:24,2879
553,0:18:26,2873
554,0:18:28,2851
555,0:18:30,2777
556,0:18:32,2727
557,0:18:34,2725
558,0:18:36,2769
559,0:18:38,2753
560,0:18:40,2755
561,0:18:42,2771
562,0:18:44,2751
563,0:18:46,2739
564,0:18:48,2713
565,0:18:50,2739
566,0:18:52,2695
567,0:18:54,2739
568,0:18:56,2771
569,0:18:58,2791
570,0:19:00,2825
571,0:19:02,2763
572,0:19:04,2775
573,0:19:06,2873
574,0:19:08,2857
575,0:19:10,2895
576,0:19:12,2886
577,0:19:14,2908
578,0:19:16,2912
579,0:19:18,2916
580,0:19:20,2935
581,0:19:22,2934
582,0:19:24,2936
583,0:19:26,2931
584,0:19:28,2924
585,0:19:30,2929
586,0:19:32,2895
587,0:19:34,2915
588,0:19:36,2930
589,0:19:38,2916
590,0:19:40,2895
591,0:19:42,2878
592,0:19:44,2819
593,0:19:46,2755
594,0:19:48,2758
595,0:19:50,2751
596,0:19:52,2832
597,0:19:54,2825
598,0:19:56,2870
599,0:19:58,2872
600,0:20:00,2861
601,0:20:02,2915
602,0:20:04,2930
603,0:20:06,2899
604,0:20:08,2911
605,0:20:10,2936
606,0:20:12,2948
607,0:20:14,2979
608,0:20:16,2959
609,0:20:18,2963
610,0:20:20,2955
611,0:20:22,3005
612,0:20:24,2965
613,0:20:26,2959
614,0:20:28,2961
615,0:20:30,2963
616,0:20:32,2983
617,0:20:34,2995
618,0:20:36,2967
619,0:20:38,2969
620,0:20:40,2988
621,0:20:42,2937
622,0:20:44,2934
623,0:20:46,2908
624,0:20:48,2928
625,0:20:50,2835
626,0:20:52,2806
627,0:20:54,2795
628,0:20:56,2736
629,0:20:58,2764
630,0:21:00,2798
631,0:21:02,2831
632,0:21:04,2838
633,0:21:06,2867
634,0:21:08,2847
635,0:21:10,2872
636,0:21:12,2896
637,0:21:14,2917
638,0:21:16,2915
639,0:21:18,2921
640,0:21:20,2943
641,0:21:22,2945
642,0:21:24,2939
643,0:21:26,2982
644,0:21:28,2995
645,0:21:30,2983
646,0:21:32,3001
647,0:21:34,2920
648,0:21:36,2992
649,0:21:38,2971
650,0:21:40,2996
651,0:21:42,2951
652,0:21:44,2963
653,0:21:46,2953
654,0:21:48,2968
655,0:21:50,2932
656,0:21:52,2924
657,0:21:54,2876
658,0:21:56,2799
659,0:21:58,2772
660,0:22:00,2783
661,0:22:02,2789
662,0:22:04,2759
663,0:22:06,2748
664,0:22:08,2793
665,0:22:10,2791
666,0:22:12,2819
667,0:22:14,2835
668,0:22:16,2815
669,0:22:18,2840
670,0:22:20,2840
671,0:22:22,2860
672,0:22:24,2839
673,0:22:26,2899
674,0:22:28,2897
675,0:22:30,2916
676,0:22:32,2905
677,0:22:34,2902
678,0:22:36,2924
679,0:22:38,2910
680,0:22:40,2940
681,0:22:42,2935
682,0:22:44,2933
683,0:22:46,2969
684,0:22:48,2936
685,0:22:50,2958
686,0:22:52,2943
687,0:22:54,2968
688,0:22:56,2924
689,0:22:58,2924
690,0:23:00,2919
691,0:23:02,2847
692,0:23:04,2779
693,0:23:06,2755
694,0:23:08,2744
695,0:23:10,2764
696,0:23:12,2732
697,0:23:14,2753
698,0:23:16,2745
699,0:23:18,2766
700,0:23:20,2792
701,0:23:22,2759
702,0:23:24,2784
703,0:23:26,2839
704,0:23:28,2793
705,0:23:30,2855
706,0:23:32,2900
707,0:23:34,2872
708,0:23:36,2912
709,0:23:38,2923
710,0:23:40,2927
711,0:23:42,2939
712,0:23:44,2931
713,0:23:46,2924
714,0:23:48,2935
715,0:23:50,2929
716,0:23:52,2939
717,0:23:54,2953
718,0:23:56,2939
719,0:23:58,2913
720,0:24:00,2925
721,0:24:02,2923
722,0:24:04,2903
723,0:24:06,2894
724,0:24:08,2815
725,0:24:10,2777
726,0:24:12,2781
727,0:24:14,2771
728,0:24:16,2784
729,0:24:18,2756
730,0:24:20,2732
731,0:24:22,2744
732,0:24:24,2747
733,0:24:26,2759
734,0:24:28,2800
735,0:24:30,2806
736,0:24:32,2798
737,0:24:34,2803
738,0:24:36,2859
739,0:24:38,2823
740,0:24:40,2853
741,0:24:42,2900
742,0:24:44,2862
743,0:24:46,2895
744,0:24:48,2908
745,0:24:50,2907
746,0:24:52,2899
747,0:24:54,2894
748,0:24:56,2899
749,0:24:58,2876
750,0:25:00,2904
751,0:25:02,2927
752,0:25:04,2908
753,0:25:06,2940
754,0:25:08,2904
755,0:25:10,2900
756,0:25:12,2900
757,0:25:14,2859
758,0:25:16,2839
759,0:25:18,2764
760,0:25:20,2733
761,0:25:22,2732
762,0:25:24,2745
763,0:25:26,2718
764,0:25:28,2718
765,0:25:30,2736
766,0:25:32,2755
767,0:25:34,2799
768,0:25:36,2791
769,0:25:38,2806
770,0:25:40,2847
771,0:25:42,2835
772,0:25:44,2849
773,0:25:46,2870
774,0:25:48,2879
775,0:25:50,2875
776,0:25:52,2879
777,0:25:54,2879
778,0:25:56,2863
779,0:25:58,2884
780,0:26:00,2919
781,0:26:02,2855
782,0:26:04,2862
783,0:26:06,2903
784,0:26:08,2942
785,0:26:10,2936
786,0:26:12,2920
787,0:26:14,2911
788,0:26:16,2926
789,0:26:18,2921
790,0:26:20,2867
791,0:26:22,2881
792,0:26:24,2847
793,0:26:26,2836
794,0:26:28,2825
795,0:26:30,2780
796,0:26:32,2831
797,0:26:34,2787
798,0:26:36,2791
799,0:26:38,2803
800,0:26:40,2736
801,0:26:42,2687
802,0:26:44,2732
803,0:26:46,2775
804,0:26:48,2777
805,0:26:50,2792
806,0:26:52,2759
807,0:26:54,2732
808,0:26:56,2759
809,0:26:58,2761
810,0:27:00,2766
811,0:27:02,2776
812,0:27:04,2812
813,0:27:06,2750
814,0:27:08,2820
815,0:27:10,2579
816,0:27:12,2607
817,0:27:14,2703
818,0:27:16,2604
819,0:27:18,2687
820,0:27:20,2659
821,0:27:22,2774
822,0:27:24,2686
823,0:27:26,2665
824,0:27:28,2720
825,0:27:30,2766
826,0:27:32,2840
827,0:27:34,2890
828,0:27:36,2827
829,0:27:38,2892
830,0:27:40,2907
831,0:27:42,2932
832,0:27:44,2902
833,0:27:46,2947
834,0:27:48,2948
835,0:27:50,2907
836,0:27:52,2918
837,0:27:54,2928
838,0:27:56,2936
839,0:27:58,2940
840,0:28:00,2926
841,0:28:02,2939
842,0:28:04,2911
843,0:28:06,2873
844,0:28:08,2800
845,0:28:10,2815
846,0:28:12,2771
847,0:28:14,2779
848,0:28:16,2743
849,0:28:18,2769
850,0:28:20,2772
851,0:28:22,2767
852,0:28:24,2763
853,0:28:26,2771
854,0:28:28,2750
855,0:28:30,2787
856,0:28:32,2836
857,0:28:34,2872
858,0:28:36,2918
859,0:28:38,2928
860,0:28:40,2873
861,0:28:42,2894
862,0:28:44,2891
863,0:28:46,2910
864,0:28:48,2886
865,0:28:50,2895
866,0:28:52,2899
867,0:28:54,2889
868,0:28:56,2895
869,0:28:58,2883
870,0:29:00,2872
871,0:29:02,2947
872,0:29:04,2931
873,0:29:06,2913
874,0:29:08,2927
875,0:29:10,2916
876,0:29:12,2925
877,0:29:14,2892
878,0:29:16,2748
879,0:29:18,2639
880,0:29:20,2728
881,0:29:22,2755
882,0:29:24,2655
883,0:29:26,2747
884,0:29:28,2743
885,0:29:30,2843
886,0:29:32,2859
887,0:29:34,2848
888,0:29:36,2856
889,0:29:38,2903
890,0:29:40,2902
891,0:29:42,2904
892,0:29:44,2919
893,0:29:46,2927
894,0:29:48,2920
895,0:29:50,2937
896,0:29:52,2915
897,0:29:54,2913
898,0:29:56,2928
899,0:29:58,2929
900,0:30:00,2916
901,0:30:02,2912
902,0:30:04,2881
903,0:30:06,2879
904,0:30:08,2791
905,0:30:10,2753
906,0:30:12,2744
907,0:30:14,2759
908,0:30:16,2727
909,0:30:18,2712
910,0:30:20,2707
911,0:30:22,2707
912,0:30:24,2702
913,0:30:26,2687
914,0:30:28,2687
915,0:30:30,2712
916,0:30:32,2598
917,0:30:34,2660
918,0:30:36,2744
919,0:30:38,2755
920,0:30:40,2843
921,0:30:42,2899
922,0:30:44,2919
923,0:30:46,2938
924,0:30:48,2889
925,0:30:50,2857
926,0:30:52,2883
927,0:30:54,2892
928,0:30:56,2883
929,0:30:58,2863
930,0:31:00,2860
931,0:31:02,2847
932,0:31:04,2900
933,0:31:06,2884
934,0:31:08,2876
935,0:31:10,2887
936,0:31:12,2843
937,0:31:14,2820
938,0:31:16,2787
939,0:31:18,2683
940,0:31:20,2664
941,0:31:22,2584
942,0:31:24,2636
943,0:31:26,2623
944,0:31:28,2624
945,0:31:30,2616
946,0:31:32,2752
947,0:31:34,2825
948,0:31:36,2863
949,0:31:38,2846
950,0:31:40,2915
951,0:31:42,2912
952,0:31:44,2918
953,0:31:46,2913
954,0:31:48,2886
955,0:31:50,2891
956,0:31:52,2897
957,0:31:54,2919
958,0:31:56,2923
959,0:31:58,2911
960,0:32:00,2934
961,0:32:02,2895
962,0:32:04,2890
963,0:32:06,2887
964,0:32:08,2844
965,0:32:10,2819
966,0:32:12,2755
967,0:32:14,2672
968,0:32:16,2596
969,0:32:18,2599
970,0:32:20,2705
971,0:32:22,2641
972,0:32:24,2681
973,0:32:26,2787
974,0:32:28,2812
975,0:32:30,2860
976,0:32:32,2860
977,0:32:34,2859
978,0:32:36,2865
979,0:32:38,2857
980,0:32:40,2883
981,0:32:42,2908
982,0:32:44,2926
983,0:32:46,2857
984,0:32:48,2836
985,0:32:50,2713
986,0:32:52,2831
987,0:32:54,2801
988,0:32:56,2809
989,0:32:58,2795
990,0:33:00,2764
991,0:33:02,2758
992,0:33:04,2724
993,0:33:06,2694
994,0:33:08,2726
995,0:33:10,2732
996,0:33:12,2739
997,0:33:14,2752
998,0:33:16,2704
999,0:33:18,2715
1000,0:33:20,2723
1001,0:33:22,2767
1002,0:33:24,2814
1003,0:33:26,2831
1004,0:33:28,2808
1005,0:33:30,2891
1006,0:33:32,2888
1007,0:33:34,2691
1008,0:33:36,2684
1009,0:33:38,2640
1010,0:33:40,2741
1011,0:33:42,2648
1012,0:33:44,2667
1013,0:33:46,2646
1014,0:33:48,2669
1015,0:33:50,2702
1016,0:33:52,2855
1017,0:33:54,2871
1018,0:33:56,2772
1019,0:33:58,2755
1020,0:34:00,2684
1021,0:34:02,2655
1022,0:34:04,2705
1023,0:34:06,2650
1024,0:34:08,2624
1025,0:34:10,2668
1026,0:34:12,2684
1027,0:34:14,2566
1028,0:34:16,2599
1029,0:34:18,2627
1030,0:34:20,2609

AP(uA),,CH01
No,Time (hr:min:sec),LeftLU,Event messages
0,0:00:00,28
1,0:00:02,29
2,0:00:04,25
3,0:00:06,25
4,0:00:08,26
5,0:00:10,29
6,0:00:12,26
7,0:00:14,27
8,0:00:16,27
9,0:00:18,30
10,0:00:20,26
11,0:00:22,25
12,0:00:24,24
13,0:00:26,26
14,0:00:28,27
15,0:00:30,25
16,0:00:32,27
17,0:00:34,27
18,0:00:36,28
19,0:00:38,27
20,0:00:40,29
21,0:00:42,26
22,0:00:44,29
23,0:00:46,27
24,0:00:48,27
25,0:00:50,26
26,0:00:52,26
27,0:00:54,27
28,0:00:56,25
29,0:00:58,28
30,0:01:00,28
31,0:01:02,28
32,0:01:04,29
33,0:01:06,28
34,0:01:08,27
35,0:01:10,24
36,0:01:12,25
37,0:01:14,28
38,0:01:16,30
39,0:01:18,27
40,0:01:20,27
41,0:01:22,28
42,0:01:24,22
43,0:01:26,25
44,0:01:28,26
45,0:01:30,28
46,0:01:32,28
47,0:01:34,28
48,0:01:36,28
49,0:01:38,26
50,0:01:40,27
51,0:01:42,29
52,0:01:44,27
53,0:01:46,26
54,0:01:48,28
55,0:01:50,27
56,0:01:52,27
57,0:01:54,29
58,0:01:56,29
59,0:01:58,30
60,0:02:00,29
61,0:02:02,27
62,0:02:04,26
63,0:02:06,25
64,0:02:08,28
65,0:02:10,27
66,0:02:12,25
67,0:02:14,26
68,0:02:16,26
69,0:02:18,30
70,0:02:20,26
71,0:02:22,25
72,0:02:24,24
73,0:02:26,27
74,0:02:28,25
75,0:02:30,26
76,0:02:32,24
77,0:02:34,28
78,0:02:36,23
79,0:02:38,26
80,0:02:40,27
81,0:02:42,28
82,0:02:44,26
83,0:02:46,28
84,0:02:48,25
85,0:02:50,25
86,0:02:52,28
87,0:02:54,24
88,0:02:56,28
89,0:02:58,23
90,0:03:00,24
91,0:03:02,23
92,0:03:04,24
93,0:03:06,23
94,0:03:08,27
95,0:03:10,23
96,0:03:12,27
97,0:03:14,24
98,0:03:16,23
99,0:03:18,24
100,0:03:20,22
101,0:03:22,23
102,0:03:24,23
103,0:03:26,22
104,0:03:28,24
105,0:03:30,22
106,0:03:32,21
107,0:03:34,22
108,0:03:36,22
109,0:03:38,22
110,0:03:40,22
111,0:03:42,21
112,0:03:44,20
113,0:03:46,23
114,0:03:48,22
115,0:03:50,23
116,0:03:52,21
117,0:03:54,20
118,0:03:56,22
119,0:03:58,22
120,0:04:00,20
121,0:04:02,21
122,0:04:04,22
123,0:04:06,21
124,0:04:08,22
125,0:04:10,21
126,0:04:12,22
127,0:04:14,20
128,0:04:16,22
129,0:04:18,20
130,0:04:20,20
131,0:04:22,23
132,0:04:24,23
133,0:04:26,25
134,0:04:28,19
135,0:04:30,24
136,0:04:32,22
137,0:04:34,17
138,0:04:36,22
139,0:04:38,22
140,0:04:40,20
141,0:04:42,22
142,0:04:44,21
143,0:04:46,21
144,0:04:48,18
145,0:04:50,20
146,0:04:52,20
147,0:04:54,21
148,0:04:56,20
149,0:04:58,21
150,0:05:00,20
151,0:05:02,19
152,0:05:04,21
153,0:05:06,23
154,0:05:08,18
155,0:05:10,23
156,0:05:12,19
157,0:05:14,19
158,0:05:16,20
159,0:05:18,21
160,0:05:20,22
161,0:05:22,18
162,0:05:24,21
163,0:05:26,23
164,0:05:28,20
165,0:05:30,20
166,0:05:32,18
167,0:05:34,18
168,0:05:36,20
169,0:05:38,21
170,0:05:40,20
171,0:05:42,17
172,0:05:44,24
173,0:05:46,19
174,0:05:48,23
175,0:05:50,19
176,0:05:52,22
177,0:05:54,18
178,0:05:56,19
179,0:05:58,17
180,0:06:00,19
181,0:06:02,19
182,0:06:04,19
183,0:06:06,20
184,0:06:08,20
185,0:06:10,19
186,0:06:12,21
187,0:06:14,22
188,0:06:16,19
189,0:06:18,18
190,0:06:20,23
191,0:06:22,18
192,0:06:24,20
193,0:06:26,20
194,0:06:28,22
195,0:06:30,18
196,0:06:32,21
197,0:06:34,20
198,0:06:36,19
199,0:06:38,19
200,0:06:40,19
201,0:06:42,18
202,0:06:44,17
203,0:06:46,19
204,0:06:48,18
205,0:06:50,17
206,0:06:52,18
207,0:06:54,21
208,0:06:56,22
209,0:06:58,20
210,0:07:00,20
211,0:07:02,22
212,0:07:04,19
213,0:07:06,18
214,0:07:08,20
215,0:07:10,21
216,0:07:12,22
217,0:07:14,20
218,0:07:16,18
219,0:07:18,18
220,0:07:20,19
221,0:07:22,19
222,0:07:24,20
223,0:07:26,20
224,0:07:28,20
225,0:07:30,20
226,0:07:32,17
227,0:07:34,19
228,0:07:36,19
229,0:07:38,20
230,0:07:40,19
231,0:07:42,18
232,0:07:44,19
233,0:07:46,19
234,0:07:48,18
235,0:07:50,21
236,0:07:52,20
237,0:07:54,20
238,0:07:56,19
239,0:07:58,16
240,0:08:00,23
241,0:08:02,21
242,0:08:04,18
243,0:08:06,19
244,0:08:08,17
245,0:08:10,17
246,0:08:12,21
247,0:08:14,19
248,0:08:16,17
249,0:08:18,19
250,0:08:20,17
251,0:08:22,20
252,0:08:24,19
253,0:08:26,19
254,0:08:28,19
255,0:08:30,15
256,0:08:32,21
257,0:08:34,18
258,0:08:36,17
259,0:08:38,19
260,0:08:40,18
261,0:08:42,21
262,0:08:44,20
263,0:08:46,18
264,0:08:48,20
265,0:08:50,20
266,0:08:52,20
267,0:08:54,18
268,0:08:56,22
269,0:08:58,20
270,0:09:00,22
271,0:09:02,20
272,0:09:04,23
273,0:09:06,23
274,0:09:08,22
275,0:09:10,24
276,0:09:12,26
277,0:09:14,24
278,0:09:16,26
279,0:09:18,24
280,0:09:20,21
281,0:09:22,23
282,0:09:24,24
283,0:09:26,25
284,0:09:28,24
285,0:09:30,23
286,0:09:32,24
287,0:09:34,24
288,0:09:36,21
289,0:09:38,24
290,0:09:40,23
291,0:09:42,25
292,0:09:44,22
293,0:09:46,24
294,0:09:48,25
295,0:09:50,24
296,0:09:52,23
297,0:09:54,28
298,0:09:56,24
299,0:09:58,23
300,0:10:00,23
301,0:10:02,23
302,0:10:04,24
303,0:10:06,27
304,0:10:08,24
305,0:10:10,20
306,0:10:12,21
307,0:10:14,25
308,0:10:16,22
309,0:10:18,25
310,0:10:20,23
311,0:10:22,22
312,0:10:24,22
313,0:10:26,23
314,0:10:28,23
315,0:10:30,25
316,0:10:32,21
317,0:10:34,22
318,0:10:36,22
319,0:10:38,25
320,0:10:40,21
321,0:10:42,23
322,0:10:44,25
323,0:10:46,22
324,0:10:48,24
325,0:10:50,26
326,0:10:52,20
327,0:10:54,22
328,0:10:56,24
329,0:10:58,20
330,0:11:00,21
331,0:11:02,24
332,0:11:04,22
333,0:11:06,23
334,0:11:08,21
335,0:11:10,23
336,0:11:12,20
337,0:11:14,22
338,0:11:16,23
339,0:11:18,22
340,0:11:20,19
341,0:11:22,21
342,0:11:24,22
343,0:11:26,23
344,0:11:28,20
345,0:11:30,24
346,0:11:32,19
347,0:11:34,21
348,0:11:36,18
349,0:11:38,16
350,0:11:40,20
351,0:11:42,21
352,0:11:44,21
353,0:11:46,21
354,0:11:48,18
355,0:11:50,20
356,0:11:52,19
357,0:11:54,19
358,0:11:56,16
359,0:11:58,19
360,0:12:00,20
361,0:12:02,18
362,0:12:04,21
363,0:12:06,23
364,0:12:08,20
365,0:12:10,20
366,0:12:12,19
367,0:12:14,19
368,0:12:16,20
369,0:12:18,21
370,0:12:20,18
371,0:12:22,20
372,0:12:24,20
373,0:12:26,18
374,0:12:28,18
375,0:12:30,17
376,0:12:32,18
377,0:12:34,21
378,0:12:36,17
379,0:12:38,18
380,0:12:40,18
381,0:12:42,17
382,0:12:44,17
383,0:12:46,20
384,0:12:48,17
385,0:12:50,18
386,0:12:52,20
387,0:12:54,21
388,0:12:56,19
389,0:12:58,21
390,0:13:00,20
391,0:13:02,19
392,0:13:04,18
393,0:13:06,17
394,0:13:08,20
395,0:13:10,19
396,0:13:12,20
397,0:13:14,19
398,0:13:16,19
399,0:13:18,16
400,0:13:20,20
401,0:13:22,17
402,0:13:24,20
403,0:13:26,20
404,0:13:28,17
405,0:13:30,21
406,0:13:32,20
407,0:13:34,19
408,0:13:36,17
409,0:13:38,19
410,0:13:40,17
411,0:13:42,19
412,0:13:44,18
413,0:13:46,20
414,0:13:48,18
415,0:13:50,20
416,0:13:52,19
417,0:13:54,18
418,0:13:56,20
419,0:13:58,19
420,0:14:00,19
421,0:14:02,16
422,0:14:04,20
423,0:14:06,17
424,0:14:08,18
425,0:14:10,18
426,0:14:12,19
427,0:14:14,17
428,0:14:16,16
429,0:14:18,19
430,0:14:20,17
431,0:14:22,16
432,0:14:24,15
433,0:14:26,18
434,0:14:28,17
435,0:14:30,16
436,0:14:32,17
437,0:14:34,20
438,0:14:36,21
439,0:14:38,17
440,0:14:40,18
441,0:14:42,20
442,0:14:44,17
443,0:14:46,17
444,0:14:48,18
445,0:14:50,14
446,0:14:52,17
447,0:14:54,20
448,0:14:56,18
449,0:14:58,17
450,0:15:00,18
451,0:15:02,18
452,0:15:04,17
453,0:15:06,19
454,0:15:08,15
455,0:15:10,21
456,0:15:12,19
457,0:15:14,19
458,0:15:16,19
459,0:15:18,15
460,0:15:20,20
461,0:15:22,20
462,0:15:24,17
463,0:15:26,19
464,0:15:28,16
465,0:15:30,20
466,0:15:32,20
467,0:15:34,17
468,0:15:36,20
469,0:15:38,18
470,0:15:40,16
471,0:15:42,22
472,0:15:44,19
473,0:15:46,16
474,0:15:48,18
475,0:15:50,17
476,0:15:52,20
477,0:15:54,21
478,0:15:56,21
479,0:15:58,21
480,0:16:00,20
481,0:16:02,18
482,0:16:04,20
483,0:16:06,21
484,0:16:08,17
485,0:16:10,19
486,0:16:12,16
487,0:16:14,16
488,0:16:16,16
489,0:16:18,18
490,0:16:20,18
491,0:16:22,16
492,0:16:24,20
493,0:16:26,17
494,0:16:28,17
495,0:16:30,16
496,0:16:32,15
497,0:16:34,18
498,0:16:36,16
499,0:16:38,21
500,0:16:40,19
501,0:16:42,18
502,0:16:44,17
503,0:16:46,15
504,0:16:48,17
505,0:16:50,16
506,0:16:52,18
507,0:16:54,16
508,0:16:56,20
509,0:16:58,22
510,0:17:00,17
511,0:17:02,18
512,0:17:04,20
513,0:17:06,18
514,0:17:08,17
515,0:17:10,20
516,0:17:12,21
517,0:17:14,16
518,0:17:16,18
519,0:17:18,17
520,0:17:20,18
521,0:17:22,19
522,0:17:24,18
523,0:17:26,18
524,0:17:28,17
525,0:17:30,20
526,0:17:32,19
527,0:17:34,20
528,0:17:36,19
529,0:17:38,17
530,0:17:40,17
531,0:17:42,19
532,0:17:44,16
533,0:17:46,17
534,0:17:48,18
535,0:17:50,13
536,0:17:52,17
537,0:17:54,19
538,0:17:56,18
539,0:17:58,19
540,0:18:00,21
541,0:18:02,16
542,0:18:04,17
543,0:18:06,19
544,0:18:08,18
545,0:18:10,16
546,0:18:12,18
547,0:18:14,18
548,0:18:16,19
549,0:18:18,19
550,0:18:20,19
551,0:18:22,18
552,0:18:24,19
553,0:18:26,19
554,0:18:28,22
555,0:18:30,20
556,0:18:32,21
557,0:18:34,23
558,0:18:36,21
559,0:18:38,20
560,0:18:40,23
561,0:18:42,22
562,0:18:44,21
563,0:18:46,21
564,0:18:48,21
565,0:18:50,25
566,0:18:52,22
567,0:18:54,24
568,0:18:56,20
569,0:18:58,23
570,0:19:00,25
571,0:19:02,25
572,0:19:04,27
573,0:19:06,26
574,0:19:08,23
575,0:19:10,26
576,0:19:12,23
577,0:19:14,26
578,0:19:16,26
579,0:19:18,26
580,0:19:20,25
581,0:19:22,26
582,0:19:24,24
583,0:19:26,24
584,0:19:28,24
585,0:19:30,23
586,0:19:32,26
587,0:19:34,23
588,0:19:36,26
589,0:19:38,26
590,0:19:40,24
591,0:19:42,24
592,0:19:44,25
593,0:19:46,25
594,0:19:48,23
595,0:19:50,24
596,0:19:52,25
597,0:19:54,25
598,0:19:56,27
599,0:19:58,22
600,0:20:00,20
601,0:20:02,25
602,0:20:04,21
603,0:20:06,22
604,0:20:08,22
605,0:20:10,23
606,0:20:12,24
607,0:20:14,23
608,0:20:16,27
609,0:20:18,24
610,0:20:20,23
611,0:20:22,25
612,0:20:24,23
613,0:20:26,24
614,0:20:28,24
615,0:20:30,23
616,0:20:32,24
617,0:20:34,24
618,0:20:36,24
619,0:20:38,21
620,0:20:40,23
621,0:20:42,25
622,0:20:44,22
623,0:20:46,22
624,0:20:48,21
625,0:20:50,24
626,0:20:52,20
627,0:20:54,22
628,0:20:56,21
629,0:20:58,22
630,0:21:00,18
631,0:21:02,22
632,0:21:04,21
633,0:21:06,22
634,0:21:08,22
635,0:21:10,21
636,0:21:12,19
637,0:21:14,21
638,0:21:16,22
639,0:21:18,23
640,0:21:20,22
641,0:21:22,19
642,0:21:24,20
643,0:21:26,23
644,0:21:28,21
645,0:21:30,21
646,0:21:32,21
647,0:21:34,23
648,0:21:36,22
649,0:21:38,23
650,0:21:40,25
651,0:21:42,22
652,0:21:44,25
653,0:21:46,25
654,0:21:48,23
655,0:21:50,21
656,0:21:52,21
657,0:21:54,23
658,0:21:56,18
659,0:21:58,20
660,0:22:00,23
661,0:22:02,21
662,0:22:04,20
663,0:22:06,18
664,0:22:08,21
665,0:22:10,23
666,0:22:12,19
667,0:22:14,19
668,0:22:16,22
669,0:22:18,23
670,0:22:20,23
671,0:22:22,19
672,0:22:24,21
673,0:22:26,23
674,0:22:28,22
675,0:22:30,20
676,0:22:32,22
677,0:22:34,20
678,0:22:36,21
679,0:22:38,24
680,0:22:40,25
681,0:22:42,24
682,0:22:44,23
683,0:22:46,21
684,0:22:48,24
685,0:22:50,21
686,0:22:52,23
687,0:22:54,24
688,0:22:56,19
689,0:22:58,24
690,0:23:00,23
691,0:23:02,22
692,0:23:04,19
693,0:23:06,19
694,0:23:08,22
695,0:23:10,22
696,0:23:12,18
697,0:23:14,22
698,0:23:16,18
699,0:23:18,19
700,0:23:20,24
701,0:23:22,24
702,0:23:24,19
703,0:23:26,20
704,0:23:28,20
705,0:23:30,22
706,0:23:32,18
707,0:23:34,22
708,0:23:36,23
709,0:23:38,20
710,0:23:40,23
711,0:23:42,22
712,0:23:44,22
713,0:23:46,21
714,0:23:48,21
715,0:23:50,19
716,0:23:52,20
717,0:23:54,20
718,0:23:56,22
719,0:23:58,24
720,0:24:00,24
721,0:24:02,18
722,0:24:04,18
723,0:24:06,21
724,0:24:08,20
725,0:24:10,18
726,0:24:12,22
727,0:24:14,20
728,0:24:16,18
729,0:24:18,18
730,0:24:20,19
731,0:24:22,21
732,0:24:24,19
733,0:24:26,16
734,0:24:28,21
735,0:24:30,21
736,0:24:32,19
737,0:24:34,17
738,0:24:36,22
739,0:24:38,22
740,0:24:40,21
741,0:24:42,22
742,0:24:44,22
743,0:24:46,26
744,0:24:48,24
745,0:24:50,19
746,0:24:52,20
747,0:24:54,23
748,0:24:56,22
749,0:24:58,20
750,0:25:00,20
751,0:25:02,20
752,0:25:04,23
753,0:25:06,21
754,0:25:08,21
755,0:25:10,20
756,0:25:12,19
757,0:25:14,21
758,0:25:16,21
759,0:25:18,18
760,0:25:20,22
761,0:25:22,19
762,0:25:24,23
763,0:25:26,21
764,0:25:28,23
765,0:25:30,18
766,0:25:32,19
767,0:25:34,19
768,0:25:36,22
769,0:25:38,19
770,0:25:40,19
771,0:25:42,21
772,0:25:44,20
773,0:25:46,18
774,0:25:48,19
775,0:25:50,20
776,0:25:52,18
777,0:25:54,18
778,0:25:56,20
779,0:25:58,20
780,0:26:00,21
781,0:26:02,18
782,0:26:04,17
783,0:26:06,22
784,0:26:08,18
785,0:26:10,21
786,0:26:12,21
787,0:26:14,23
788,0:26:16,21
789,0:26:18,22
790,0:26:20,22
791,0:26:22,22
792,0:26:24,22
793,0:26:26,20
794,0:26:28,20
795,0:26:30,16
796,0:26:32,20
797,0:26:34,17
798,0:26:36,19
799,0:26:38,20
800,0:26:40,19
801,0:26:42,18
802,0:26:44,17
803,0:26:46,17
804,0:26:48,17
805,0:26:50,18
806,0:26:52,18
807,0:26:54,19
808,0:26:56,18
809,0:26:58,19
810,0:27:00,19
811,0:27:02,18
812,0:27:04,19
813,0:27:06,20
814,0:27:08,23
815,0:27:10,22
816,0:27:12,20
817,0:27:14,22
818,0:27:16,18
819,0:27:18,25
820,0:27:20,21
821,0:27:22,20
822,0:27:24,22
823,0:27:26,24
824,0:27:28,23
825,0:27:30,23
826,0:27:32,25
827,0:27:34,26
828,0:27:36,26
829,0:27:38,29
830,0:27:40,27
831,0:27:42,29
832,0:27:44,28
833,0:27:46,27
834,0:27:48,27
835,0:27:50,28
836,0:27:52,29
837,0:27:54,31
838,0:27:56,27
839,0:27:58,26
840,0:28:00,29
841,0:28:02,31
842,0:28:04,26
843,0:28:06,31
844,0:28:08,27
845,0:28:10,26
846,0:28:12,25
847,0:28:14,25
848,0:28:16,26
849,0:28:18,28
850,0:28:20,25
851,0:28:22,24
852,0:28:24,25
853,0:28:26,28
854,0:28:28,25
855,0:28:30,28
856,0:28:32,26
857,0:28:34,31
858,0:28:36,29
859,0:28:38,32
860,0:28:40,30
861,0:28:42,28
862,0:28:44,30
863,0:28:46,26
864,0:28:48,27
865,0:28:50,29
866,0:28:52,30
867,0:28:54,29
868,0:28:56,27
869,0:28:58,27
870,0:29:00,30
871,0:29:02,33
872,0:29:04,26
873,0:29:06,31
874,0:29:08,28
875,0:29:10,27
876,0:29:12,29
877,0:29:14,25
878,0:29:16,21
879,0:29:18,24
880,0:29:20,23
881,0:29:22,31
882,0:29:24,25
883,0:29:26,27
884,0:29:28,27
885,0:29:30,27
886,0:29:32,31
887,0:29:34,27
888,0:29:36,26
889,0:29:38,26
890,0:29:40,29
891,0:29:42,27
892,0:29:44,30
893,0:29:46,31
894,0:29:48,32
895,0:29:50,31
896,0:29:52,30
897,0:29:54,28
898,0:29:56,27
899,0:29:58,26
900,0:30:00,28
901,0:30:02,25
902,0:30:04,27
903,0:30:06,25
904,0:30:08,28
905,0:30:10,26
906,0:30:12,24
907,0:30:14,27
908,0:30:16,29
909,0:30:18,24
910,0:30:20,25
911,0:30:22,25
912,0:30:24,26
913,0:30:26,24
914,0:30:28,24
915,0:30:30,29
916,0:30:32,23
917,0:30:34,23
918,0:30:36,26
919,0:30:38,26
920,0:30:40,26
921,0:30:42,28
922,0:30:44,27
923,0:30:46,34
924,0:30:48,30
925,0:30:50,31
926,0:30:52,29
927,0:30:54,30
928,0:30:56,26
929,0:30:58,26
930,0:31:00,26
931,0:31:02,26
932,0:31:04,30
933,0:31:06,33
934,0:31:08,28
935,0:31:10,32
936,0:31:12,30
937,0:31:14,30
938,0:31:16,26
939,0:31:18,28
940,0:31:20,27
941,0:31:22,24
942,0:31:24,24
943,0:31:26,29
944,0:31:28,26
945,0:31:30,28
946,0:31:32,26
947,0:31:34,29
948,0:31:36,29
949,0:31:38,31
950,0:31:40,28
951,0:31:42,29
952,0:31:44,31
953,0:31:46,29
954,0:31:48,29
955,0:31:50,29
956,0:31:52,29
957,0:31:54,27
958,0:31:56,26
959,0:31:58,29
960,0:32:00,28
961,0:32:02,28
962,0:32:04,29
963,0:32:06,30
964,0:32:08,27
965,0:32:10,27
966,0:32:12,28
967,0:32:14,25
968,0:32:16,27
969,0:32:18,25
970,0:32:20,27
971,0:32:22,24
972,0:32:24,26
973,0:32:26,30
974,0:32:28,26
975,0:32:30,27
976,0:32:32,28
977,0:32:34,27
978,0:32:36,28
979,0:32:38,31
980,0:32:40,28
981,0:32:42,28
982,0:32:44,30
983,0:32:46,30
984,0:32:48,27
985,0:32:50,29
986,0:32:52,29
987,0:32:54,26
988,0:32:56,26
989,0:32:58,29
990,0:33:00,28
991,0:33:02,24
992,0:33:04,28
993,0:33:06,26
994,0:33:08,25
995,0:33:10,29
996,0:33:12,26
997,0:33:14,22
998,0:33:16,24
999,0:33:18,22
1000,0:33:20,24
1001,0:33:22,28
1002,0:33:24,28
1003,0:33:26,28
1004,0:33:28,28
1005,0:33:30,28
1006,0:33:32,29
1007,0:33:34,26
1008,0:33:36,32
1009,0:33:38,22
1010,0:33:40,29
1011,0:33:42,25
1012,0:33:44,28
1013,0:33:46,25
1014,0:33:48,25
1015,0:33:50,24
1016,0:33:52,31
1017,0:33:54,31
1018,0:33:56,28
1019,0:33:58,29
1020,0:34:00,26
1021,0:34:02,27
1022,0:34:04,24
1023,0:34:06,29
1024,0:34:08,27
1025,0:34:10,30
1026,0:34:12,27
1027,0:34:14,26
1028,0:34:16,24
1029,0:34:18,31
1030,0:34:20,27

IQ(pC),,CH01
No,Time (hr:min:sec),LeftLU,Event messages
0,0:00:00,1852
1,0:00:02,1735
2,0:00:04,1947
3,0:00:06,1980
4,0:00:08,1936
5,0:00:10,1692
6,0:00:12,1900
7,0:00:14,1841
8,0:00:16,1852
9,0:00:18,1664
10,0:00:20,1910
11,0:00:22,1946
12,0:00:24,2017
13,0:00:26,1917
14,0:00:28,1863
15,0:00:30,1959
16,0:00:32,1836
17,0:00:34,1865
18,0:00:36,1797
19,0:00:38,1868
20,0:00:40,1701
21,0:00:42,1929
22,0:00:44,1718
23,0:00:46,1834
24,0:00:48,1842
25,0:00:50,1927
26,0:00:52,1873
27,0:00:54,1868
28,0:00:56,1915
29,0:00:58,1739
30,0:01:00,1754
31,0:01:02,1797
32,0:01:04,1776
33,0:01:06,1826
34,0:01:08,1904
35,0:01:10,2039
36,0:01:12,1980
37,0:01:14,1857
38,0:01:16,1769
39,0:01:18,1897
40,0:01:20,1876
41,0:01:22,1798
42,0:01:24,2128
43,0:01:26,1986
44,0:01:28,1891
45,0:01:30,1810
46,0:01:32,1775
47,0:01:34,1786
48,0:01:36,1763
49,0:01:38,1899
50,0:01:40,1841
51,0:01:42,1753
52,0:01:44,1870
53,0:01:46,1931
54,0:01:48,1871
55,0:01:50,1859
56,0:01:52,1892
57,0:01:54,1769
58,0:01:56,1694
59,0:01:58,1713
60,0:02:00,1734
61,0:02:02,1858
62,0:02:04,1939
63,0:02:06,1975
64,0:02:08,1770
65,0:02:10,1852
66,0:02:12,1940
67,0:02:14,1911
68,0:02:16,1883
69,0:02:18,1709
70,0:02:20,1854
71,0:02:22,1962
72,0:02:24,1951
73,0:02:26,1839
74,0:02:28,1882
75,0:02:30,1859
76,0:02:32,1943
77,0:02:34,1756
78,0:02:36,2083
79,0:02:38,1889
80,0:02:40,1830
81,0:02:42,1797
82,0:02:44,1894
83,0:02:46,1755
84,0:02:48,1918
85,0:02:50,1923
86,0:02:52,1761
87,0:02:54,1946
88,0:02:56,1711
89,0:02:58,1995
90,0:03:00,1930
91,0:03:02,2006
92,0:03:04,1931
93,0:03:06,1958
94,0:03:08,1759
95,0:03:10,1971
96,0:03:12,1734
97,0:03:14,1887
98,0:03:16,1963
99,0:03:18,1920
100,0:03:20,1974
101,0:03:22,1943
102,0:03:24,1936
103,0:03:26,1954
104,0:03:28,1815
105,0:03:30,1954
106,0:03:32,2026
107,0:03:34,1919
108,0:03:36,1967
109,0:03:38,2003
110,0:03:40,1966
111,0:03:42,1964
112,0:03:44,2043
113,0:03:46,1862
114,0:03:48,1936
115,0:03:50,1872
116,0:03:52,1946
117,0:03:54,1996
118,0:03:56,1923
119,0:03:58,1900
120,0:04:00,2049
121,0:04:02,1984
122,0:04:04,1957
123,0:04:06,2000
124,0:04:08,1922
125,0:04:10,1989
126,0:04:12,1895
127,0:04:14,2000
128,0:04:16,1890
129,0:04:18,2018
130,0:04:20,1944
131,0:04:22,1818
132,0:04:24,1773
133,0:04:26,1701
134,0:04:28,2039
135,0:04:30,1773
136,0:04:32,1863
137,0:04:34,2115
138,0:04:36,1849
139,0:04:38,1837
140,0:04:40,1968
141,0:04:42,1888
142,0:04:44,1893
143,0:04:46,1889
144,0:04:48,2076
145,0:04:50,1941
146,0:04:52,1929
147,0:04:54,1864
148,0:04:56,1951
149,0:04:58,1877
150,0:05:00,1954
151,0:05:02,1997
152,0:05:04,1903
153,0:05:06,1777
154,0:05:08,2024
155,0:05:10,1791
156,0:05:12,1938
157,0:05:14,1946
158,0:05:16,1906
159,0:05:18,1864
160,0:05:20,1753
161,0:05:22,1978
162,0:05:24,1855
163,0:05:26,1738
164,0:05:28,1868
165,0:05:30,1860
166,0:05:32,2000
167,0:05:34,1970
168,0:05:36,1890
169,0:05:38,1829
170,0:05:40,1870
171,0:05:42,2040
172,0:05:44,1681
173,0:05:46,1936
174,0:05:48,1728
175,0:05:50,1937
176,0:05:52,1799
177,0:05:54,2007
178,0:05:56,1948
179,0:05:58,2081
180,0:06:00,1920
181,0:06:02,1898
182,0:06:04,1945
183,0:06:06,1851
184,0:06:08,1849
185,0:06:10,1930
186,0:06:12,1792
187,0:06:14,1793
188,0:06:16,1893
189,0:06:18,1975
190,0:06:20,1690
191,0:06:22,1977
192,0:06:24,1826
193,0:06:26,1859
194,0:06:28,1743
195,0:06:30,1969
196,0:06:32,1805
197,0:06:34,1809
198,0:06:36,1894
199,0:06:38,1937
200,0:06:40,1909
201,0:06:42,1992
202,0:06:44,1973
203,0:06:46,1934
204,0:06:48,1934
205,0:06:50,2004
206,0:06:52,1951
207,0:06:54,1800
208,0:06:56,1780
209,0:06:58,1880
210,0:07:00,1873
211,0:07:02,1723
212,0:07:04,1941
213,0:07:06,1994
214,0:07:08,1856
215,0:07:10,1790
216,0:07:12,1776
217,0:07:14,1883
218,0:07:16,1948
219,0:07:18,1965
220,0:07:20,1961
221,0:07:22,1944
222,0:07:24,1866
223,0:07:26,1873
224,0:07:28,1850
225,0:07:30,1873
226,0:07:32,2040
227,0:07:34,1918
228,0:07:36,1903
229,0:07:38,1832
230,0:07:40,1892
231,0:07:42,1962
232,0:07:44,1878
233,0:07:46,1922
234,0:07:48,1971
235,0:07:50,1782
236,0:07:52,1841
237,0:07:54,1849
238,0:07:56,1893
239,0:07:58,2039
240,0:08:00,1713
241,0:08:02,1784
242,0:08:04,1960
243,0:08:06,1902
244,0:08:08,2033
245,0:08:10,2013
246,0:08:12,1786
247,0:08:14,1907
248,0:08:16,2032
249,0:08:18,1900
250,0:08:20,1985
251,0:08:22,1808
252,0:08:24,1902
253,0:08:26,1870
254,0:08:28,1907
255,0:08:30,2093
256,0:08:32,1753
257,0:08:34,1950
258,0:08:36,2003
259,0:08:38,1868
260,0:08:40,1910
261,0:08:42,1774
262,0:08:44,1817
263,0:08:46,1905
264,0:08:48,1867
265,0:08:50,1842
266,0:08:52,1864
267,0:08:54,1994
268,0:08:56,1766
269,0:08:58,1886
270,0:09:00,1794
271,0:09:02,1893
272,0:09:04,1777
273,0:09:06,1781
274,0:09:08,1864
275,0:09:10,1831
276,0:09:12,1698
277,0:09:14,1884
278,0:09:16,1795
279,0:09:18,1885
280,0:09:20,2074
281,0:09:22,1944
282,0:09:24,1861
283,0:09:26,1822
284,0:09:28,1898
285,0:09:30,2055
286,0:09:32,1955
287,0:09:34,1988
288,0:09:36,2140
289,0:09:38,1931
290,0:09:40,1981
291,0:09:42,1908
292,0:09:44,2079
293,0:09:46,2071
294,0:09:48,1972
295,0:09:50,2089
296,0:09:52,2139
297,0:09:54,1830
298,0:09:56,2087
299,0:09:58,2134
300,0:10:00,2079
301,0:10:02,2089
302,0:10:04,1916
303,0:10:06,1782
304,0:10:08,1961
305,0:10:10,2116
306,0:10:12,2107
307,0:10:14,1852
308,0:10:16,2043
309,0:10:18,1829
310,0:10:20,2008
311,0:10:22,2064
312,0:10:24,2080
313,0:10:26,1991
314,0:10:28,1963
315,0:10:30,1846
316,0:10:32,2075
317,0:10:34,2046
318,0:10:36,2056
319,0:10:38,1857
320,0:10:40,2125
321,0:10:42,1982
322,0:10:44,1912
323,0:10:46,2016
324,0:10:48,1952
325,0:10:50,1845
326,0:10:52,2169
327,0:10:54,2059
328,0:10:56,1891
329,0:10:58,2157
330,0:11:00,2028
331,0:11:02,1854
332,0:11:04,1969
333,0:11:06,1910
334,0:11:08,2003
335,0:11:10,1918
336,0:11:12,2062
337,0:11:14,1912
338,0:11:16,1886
339,0:11:18,1898
340,0:11:20,2088
341,0:11:22,1933
342,0:11:24,1923
343,0:11:26,1852
344,0:11:28,1994
345,0:11:30,1765
346,0:11:32,2080
347,0:11:34,1963
348,0:11:36,2134
349,0:11:38,2245
350,0:11:40,1975
351,0:11:42,1986
352,0:11:44,2004
353,0:11:46,1942
354,0:11:48,2124
355,0:11:50,2054
356,0:11:52,2111
357,0:11:54,2053
358,0:11:56,2253
359,0:11:58,2094
360,0:12:00,1993
361,0:12:02,2105
362,0:12:04,1941
363,0:12:06,1839
364,0:12:08,2032
365,0:12:10,2024
366,0:12:12,2031
367,0:12:14,2010
368,0:12:16,1950
369,0:12:18,1891
370,0:12:20,2050
371,0:12:22,1925
372,0:12:24,1925
373,0:12:26,1956
374,0:12:28,1961
375,0:12:30,2021
376,0:12:32,1911
377,0:12:34,1772
378,0:12:36,2084
379,0:12:38,2003
380,0:12:40,1978
381,0:12:42,2032
382,0:12:44,2102
383,0:12:46,1901
384,0:12:48,2094
385,0:12:50,2023
386,0:12:52,1944
387,0:12:54,1900
388,0:12:56,2011
389,0:12:58,1894
390,0:13:00,1969
391,0:13:02,1994
392,0:13:04,2041
393,0:13:06,2138
394,0:13:08,1941
395,0:13:10,1995
396,0:13:12,1946
397,0:13:14,2007
398,0:13:16,2007
399,0:13:18,2158
400,0:13:20,1944
401,0:13:22,2114
402,0:13:24,1961
403,0:13:26,1951
404,0:13:28,2132
405,0:13:30,1886
406,0:13:32,1925
407,0:13:34,1979
408,0:13:36,2067
409,0:13:38,2009
410,0:13:40,2052
411,0:13:42,1955
412,0:13:44,1972
413,0:13:46,1866
414,0:13:48,1968
415,0:13:50,1801
416,0:13:52,1843
417,0:13:54,1911
418,0:13:56,1850
419,0:13:58,1900
420,0:14:00,1947
421,0:14:02,2022
422,0:14:04,1797
423,0:14:06,1983
424,0:14:08,1912
425,0:14:10,1952
426,0:14:12,1921
427,0:14:14,1978
428,0:14:16,2000
429,0:14:18,1874
430,0:14:20,1970
431,0:14:22,1992
432,0:14:24,2083
433,0:14:26,1906
434,0:14:28,1962
435,0:14:30,1983
436,0:14:32,1969
437,0:14:34,1815
438,0:14:36,1748
439,0:14:38,1964
440,0:14:40,1927
441,0:14:42,1895
442,0:14:44,2031
443,0:14:46,2087
444,0:14:48,2016
445,0:14:50,2225
446,0:14:52,2086
447,0:14:54,1910
448,0:14:56,2022
449,0:14:58,2098
450,0:15:00,2012
451,0:15:02,1916
452,0:15:04,1956
453,0:15:06,1802
454,0:15:08,2077
455,0:15:10,1699
456,0:15:12,1822
457,0:15:14,1829
458,0:15:16,1821
459,0:15:18,2062
460,0:15:20,1783
461,0:15:22,1843
462,0:15:24,2003
463,0:15:26,1919
464,0:15:28,2106
465,0:15:30,1896
466,0:15:32,1909
467,0:15:34,2060
468,0:15:36,1909
469,0:15:38,2018
470,0:15:40,2127
471,0:15:42,1809
472,0:15:44,1983
473,0:15:46,2112
474,0:15:48,2023
475,0:15:50,2060
476,0:15:52,1895
477,0:15:54,1825
478,0:15:56,1850
479,0:15:58,1830
480,0:16:00,1862
481,0:16:02,2007
482,0:16:04,1864
483,0:16:06,1818
484,0:16:08,1975
485,0:16:10,1931
486,0:16:12,2020
487,0:16:14,1943
488,0:16:16,1967
489,0:16:18,1849
490,0:16:20,1894
491,0:16:22,1969
492,0:16:24,1718
493,0:16:26,1923
494,0:16:28,1883
495,0:16:30,2001
496,0:16:32,1999
497,0:16:34,1951
498,0:16:36,2089
499,0:16:38,1777
500,0:16:40,1893
501,0:16:42,1996
502,0:16:44,2018
503,0:16:46,2134
504,0:16:48,2057
505,0:16:50,2126
506,0:16:52,2012
507,0:16:54,2088
508,0:16:56,1896
509,0:16:58,1748
510,0:17:00,2094
511,0:17:02,2038
512,0:17:04,1874
513,0:17:06,2005
514,0:17:08,2098
515,0:17:10,1919
516,0:17:12,1874
517,0:17:14,2100
518,0:17:16,2053
519,0:17:18,2074
520,0:17:20,1966
521,0:17:22,1927
522,0:17:24,1968
523,0:17:26,1982
524,0:17:28,1967
525,0:17:30,1734
526,0:17:32,1785
527,0:17:34,1723
528,0:17:36,1783
529,0:17:38,1881
530,0:17:40,1872
531,0:17:42,1779
532,0:17:44,1931
533,0:17:46,1886
534,0:17:48,1818
535,0:17:50,2043
536,0:17:52,1870
537,0:17:54,1742
538,0:17:56,1805
539,0:17:58,1703
540,0:18:00,1621
541,0:18:02,1894
542,0:18:04,1897
543,0:18:06,1734
544,0:18:08,1826
545,0:18:10,1932
546,0:18:12,1833
547,0:18:14,1809
548,0:18:16,1795
549,0:18:18,1849
550,0:18:20,1806
551,0:18:22,1919
552,0:18:24,1834
553,0:18:26,1890
554,0:18:28,1732
555,0:18:30,1937
556,0:18:32,1812
557,0:18:34,1697
558,0:18:36,1843
559,0:18:38,1891
560,0:18:40,1797
561,0:18:42,1822
562,0:18:44,1863
563,0:18:46,1854
564,0:18:48,1873
565,0:18:50,1666
566,0:18:52,1833
567,0:18:54,1769
568,0:18:56,2052
569,0:18:58,1982
570,0:19:00,1887
571,0:19:02,1814
572,0:19:04,1715
573,0:19:06,1877
574,0:19:08,2065
575,0:19:10,1909
576,0:19:12,2109
577,0:19:14,1994
578,0:19:16,1968
579,0:19:18,1962
580,0:19:20,1974
581,0:19:22,1942
582,0:19:24,1984
583,0:19:26,1985
584,0:19:28,2032
585,0:19:30,2062
586,0:19:32,1855
587,0:19:34,2045
588,0:19:36,1859
589,0:19:38,1816
590,0:19:40,1988
591,0:19:42,1969
592,0:19:44,1862
593,0:19:46,1701
594,0:19:48,1849
595,0:19:50,1761
596,0:19:52,1811
597,0:19:54,1882
598,0:19:56,1752
599,0:19:58,2032
600,0:20:00,2146
601,0:20:02,1937
602,0:20:04,2157
603,0:20:06,2114
604,0:20:08,2108
605,0:20:10,2066
606,0:20:12,2001
607,0:20:14,2092
608,0:20:16,1883
609,0:20:18,1984
610,0:20:20,2043
611,0:20:22,1969
612,0:20:24,2096
613,0:20:26,1993
614,0:20:28,2000
615,0:20:30,2047
616,0:20:32,2003
617,0:20:34,1991
618,0:20:36,1973
619,0:20:38,2135
620,0:20:40,2045
621,0:20:42,1893
622,0:20:44,2067
623,0:20:46,2002
624,0:20:48,2089
625,0:20:50,1834
626,0:20:52,1946
627,0:20:54,1791
628,0:20:56,1787
629,0:20:58,1806
630,0:21:00,2019
631,0:21:02,1872
632,0:21:04,1905
633,0:21:06,1905
634,0:21:08,1889
635,0:21:10,2000
636,0:21:12,2141
637,0:21:14,2067
638,0:21:16,1968
639,0:21:18,1926
640,0:21:20,2012
641,0:21:22,2208
642,0:21:24,2147
643,0:21:26,1976
644,0:21:28,2068
645,0:21:30,2094
646,0:21:32,2079
647,0:21:34,1952
648,0:21:36,2043
649,0:21:38,1983
650,0:21:40,1891
651,0:21:42,2015
652,0:21:44,1851
653,0:21:46,1875
654,0:21:48,1980
655,0:21:50,2078
656,0:21:52,2088
657,0:21:54,1919
658,0:21:56,1970
659,0:21:58,1883
660,0:22:00,1682
661,0:22:02,1846
662,0:22:04,1861
663,0:22:06,1958
664,0:22:08,1809
665,0:22:10,1733
666,0:22:12,1995
667,0:22:14,1978
668,0:22:16,1796
669,0:22:18,1756
670,0:22:20,1782
671,0:22:22,2095
672,0:22:24,1959
673,0:22:26,1856
674,0:22:28,1957
675,0:22:30,2072
676,0:22:32,2006
677,0:22:34,2106
678,0:22:36,2086
679,0:22:38,1890
680,0:22:40,1890
681,0:22:42,1920
682,0:22:44,1987
683,0:22:46,2093
684,0:22:48,1921
685,0:22:50,2072
686,0:22:52,1968
687,0:22:54,1899
688,0:22:56,2161
689,0:22:58,1871
690,0:23:00,1955
691,0:23:02,1879
692,0:23:04,1890
693,0:23:06,1898
694,0:23:08,1706
695,0:23:10,1684
696,0:23:12,1878
697,0:23:14,1704
698,0:23:16,1894
699,0:23:18,1871
700,0:23:20,1599
701,0:23:22,1612
702,0:23:24,1913
703,0:23:26,1886
704,0:23:28,1868
705,0:23:30,1842
706,0:23:32,2081
707,0:23:34,1873
708,0:23:36,1919
709,0:23:38,2051
710,0:23:40,1915
711,0:23:42,1973
712,0:23:44,1979
713,0:23:46,2052
714,0:23:48,2034
715,0:23:50,2146
716,0:23:52,2128
717,0:23:54,2119
718,0:23:56,1996
719,0:23:58,1852
720,0:24:00,1807
721,0:24:02,2182
722,0:24:04,2150
723,0:24:06,1950
724,0:24:08,1965
725,0:24:10,1887
726,0:24:12,1653
727,0:24:14,1768
728,0:24:16,1888
729,0:24:18,1890
730,0:24:20,1850
731,0:24:22,1747
732,0:24:24,1833
733,0:24:26,2039
734,0:24:28,1791
735,0:24:30,1770
736,0:24:32,1914
737,0:24:34,2039
738,0:24:36,1803
739,0:24:38,1864
740,0:24:40,1981
741,0:24:42,1948
742,0:24:44,1935
743,0:24:46,1753
744,0:24:48,1843
745,0:24:50,2114
746,0:24:52,2102
747,0:24:54,1873
748,0:24:56,1931
749,0:24:58,2012
750,0:25:00,2071
751,0:25:02,2036
752,0:25:04,1900
753,0:25:06,2027
754,0:25:08,1997
755,0:25:10,2076
756,0:25:12,2056
757,0:25:14,1943
758,0:25:16,1891
759,0:25:18,1857
760,0:25:20,1600
761,0:25:22,1772
762,0:25:24,1552
763,0:25:26,1653
764,0:25:28,1549
765,0:25:30,1858
766,0:25:32,1816
767,0:25:34,1825
768,0:25:36,1718
769,0:25:38,1924
770,0:25:40,1977
771,0:25:42,1877
772,0:25:44,1990
773,0:25:46,2082
774,0:25:48,2068
775,0:25:50,1993
776,0:25:52,2106
777,0:25:54,2128
778,0:25:56,1952
779,0:25:58,1994
780,0:26:00,1931
781,0:26:02,2030
782,0:26:04,2144
783,0:26:06,1881
784,0:26:08,2126
785,0:26:10,1956
786,0:26:12,1991
787,0:26:14,1859
788,0:26:16,1994
789,0:26:18,1930
790,0:26:20,1852
791,0:26:22,1884
792,0:26:24,1800
793,0:26:26,1859
794,0:26:28,1827
795,0:26:30,1997
796,0:26:32,1815
797,0:26:34,1939
798,0:26:36,1833
799,0:26:38,1785
800,0:26:40,1683
801,0:26:42,1761
802,0:26:44,1836
803,0:26:46,1799
804,0:26:48,1806
805,0:26:50,1776
806,0:26:52,1772
807,0:26:54,1743
808,0:26:56,1757
809,0:26:58,1707
810,0:27:00,1693
811,0:27:02,1810
812,0:27:04,1758
813,0:27:06,1788
814,0:27:08,1723
815,0:27:10,1529
816,0:27:12,1722
817,0:27:14,1742
818,0:27:16,1848
819,0:27:18,1560
820,0:27:20,1742
821,0:27:22,1923
822,0:27:24,1770
823,0:27:26,1635
824,0:27:28,1843
825,0:27:30,1858
826,0:27:32,1895
827,0:27:34,1979
828,0:27:36,1956
829,0:27:38,1944
830,0:27:40,2094
831,0:27:42,1993
832,0:27:44,2088
833,0:27:46,2156
834,0:27:48,2143
835,0:27:50,2089
836,0:27:52,2029
837,0:27:54,1929
838,0:27:56,2119
839,0:27:58,2198
840,0:28:00,2017
841,0:28:02,1916
842,0:28:04,2152
843,0:28:06,1798
844,0:28:08,1820
845,0:28:10,1887
846,0:28:12,1938
847,0:28:14,1903
848,0:28:16,1842
849,0:28:18,1775
850,0:28:20,1933
851,0:28:22,1959
852,0:28:24,1923
853,0:28:26,1729
854,0:28:28,1906
855,0:28:30,1938
856,0:28:32,2078
857,0:28:34,1843
858,0:28:36,2034
859,0:28:38,1891
860,0:28:40,1916
861,0:28:42,2020
862,0:28:44,1943
863,0:28:46,2155
864,0:28:48,2096
865,0:28:50,1972
866,0:28:52,1884
867,0:28:54,1983
868,0:28:56,2084
869,0:28:58,2048
870,0:29:00,1853
871,0:29:02,1767
872,0:29:04,2179
873,0:29:06,1899
874,0:29:08,2072
875,0:29:10,2142
876,0:29:12,1969
877,0:29:14,2180
878,0:29:16,1995
879,0:29:18,1703
880,0:29:20,1946
881,0:29:22,1529
882,0:29:24,1753
883,0:29:26,1830
884,0:29:28,1853
885,0:29:30,2020
886,0:29:32,1852
887,0:29:34,2090
888,0:29:36,2157
889,0:29:38,2219
890,0:29:40,2070
891,0:29:42,2126
892,0:29:44,1936
893,0:29:46,1921
894,0:29:48,1873
895,0:29:50,1947
896,0:29:52,1935
897,0:29:54,2025
898,0:29:56,2118
899,0:29:58,2194
900,0:30:00,2082
901,0:30:02,2233
902,0:30:04,2072
903,0:30:06,2157
904,0:30:08,1905
905,0:30:10,1808
906,0:30:12,1939
907,0:30:14,1777
908,0:30:16,1560
909,0:30:18,1819
910,0:30:20,1757
911,0:30:22,1792
912,0:30:24,1663
913,0:30:26,1808
914,0:30:28,1793
915,0:30:30,1575
916,0:30:32,1741
917,0:30:34,1764
918,0:30:36,1791
919,0:30:38,1782
920,0:30:40,2015
921,0:30:42,2007
922,0:30:44,2101
923,0:30:46,1773
924,0:30:48,1933
925,0:30:50,1752
926,0:30:52,1906
927,0:30:54,1889
928,0:30:56,2076
929,0:30:58,2044
930,0:31:00,2018
931,0:31:02,2015
932,0:31:04,1861
933,0:31:06,1744
934,0:31:08,2034
935,0:31:10,1786
936,0:31:12,1809
937,0:31:14,1819
938,0:31:16,2031
939,0:31:18,1594
940,0:31:20,1702
941,0:31:22,1694
942,0:31:24,1868
943,0:31:26,1526
944,0:31:28,1767
945,0:31:30,1625
946,0:31:32,1911
947,0:31:34,1926
948,0:31:36,1938
949,0:31:38,1861
950,0:31:40,2086
951,0:31:42,2043
952,0:31:44,1903
953,0:31:46,1996
954,0:31:48,1999
955,0:31:50,1987
956,0:31:52,1974
957,0:31:54,2101
958,0:31:56,2096
959,0:31:58,1999
960,0:32:00,2050
961,0:32:02,2055
962,0:32:04,1957
963,0:32:06,1916
964,0:32:08,2049
965,0:32:10,2031
966,0:32:12,1786
967,0:32:14,1823
968,0:32:16,1579
969,0:32:18,1723
970,0:32:20,1698
971,0:32:22,1779
972,0:32:24,1717
973,0:32:26,1725
974,0:32:28,2076
975,0:32:30,2094
976,0:32:32,2068
977,0:32:34,2061
978,0:32:36,2066
979,0:32:38,1854
980,0:32:40,2004
981,0:32:42,1999
982,0:32:44,1955
983,0:32:46,1898
984,0:32:48,2055
985,0:32:50,1678
986,0:32:52,1910
987,0:32:54,2069
988,0:32:56,2050
989,0:32:58,1908
990,0:33:00,1903
991,0:33:02,1995
992,0:33:04,1674
993,0:33:06,1810
994,0:33:08,1854
995,0:33:10,1681
996,0:33:12,1807
997,0:33:14,1988
998,0:33:16,1878
999,0:33:18,2042
1000,0:33:20,1883
1001,0:33:22,1869
1002,0:33:24,1989
1003,0:33:26,2017
1004,0:33:28,2025
1005,0:33:30,2104
1006,0:33:32,2048
1007,0:33:34,1857
1008,0:33:36,1553
1009,0:33:38,1908
1010,0:33:40,1745
1011,0:33:42,1692
1012,0:33:44,1534
1013,0:33:46,1701
1014,0:33:48,1703
1015,0:33:50,1827
1016,0:33:52,1803
1017,0:33:54,1932
1018,0:33:56,2045
1019,0:33:58,1827
1020,0:34:00,1878
1021,0:34:02,1749
1022,0:34:04,1895
1023,0:34:06,1641
1024,0:34:08,1687
1025,0:34:10,1578
1026,0:34:12,1718
1027,0:34:14,1665
1028,0:34:16,1852
1029,0:34:18,1561
1030,0:34:20,1790

TC(usec),,CH01
No,Time (hr:min:sec),LeftLU,Event messages
0,0:00:00,6
1,0:00:02,6
2,0:00:04,6
3,0:00:06,6
4,0:00:08,6
5,0:00:10,6
6,0:00:12,6
7,0:00:14,6
8,0:00:16,6
9,0:00:18,6
10,0:00:20,6
11,0:00:22,6
12,0:00:24,6
13,0:00:26,6
14,0:00:28,6
15,0:00:30,6
16,0:00:32,6
17,0:00:34,6
18,0:00:36,6
19,0:00:38,6
20,0:00:40,6
21,0:00:42,6
22,0:00:44,6
23,0:00:46,6
24,0:00:48,6
25,0:00:50,6
26,0:00:52,6
27,0:00:54,6
28,0:00:56,6
29,0:00:58,6
30,0:01:00,6
31,0:01:02,6
32,0:01:04,6
33,0:01:06,6
34,0:01:08,6
35,0:01:10,6
36,0:01:12,6
37,0:01:14,6
38,0:01:16,6
39,0:01:18,6
40,0:01:20,6
41,0:01:22,6
42,0:01:24,6
43,0:01:26,6
44,0:01:28,6
45,0:01:30,6
46,0:01:32,6
47,0:01:34,6
48,0:01:36,6
49,0:01:38,6
50,0:01:40,6
51,0:01:42,6
52,0:01:44,6
53,0:01:46,6
54,0:01:48,6
55,0:01:50,6
56,0:01:52,6
57,0:01:54,6
58,0:01:56,6
59,0:01:58,6
60,0:02:00,6
61,0:02:02,6
62,0:02:04,6
63,0:02:06,6
64,0:02:08,6
65,0:02:10,6
66,0:02:12,6
67,0:02:14,6
68,0:02:16,6
69,0:02:18,6
70,0:02:20,6
71,0:02:22,6
72,0:02:24,6
73,0:02:26,6
74,0:02:28,6
75,0:02:30,6
76,0:02:32,6
77,0:02:34,6
78,0:02:36,6
79,0:02:38,6
80,0:02:40,6
81,0:02:42,6
82,0:02:44,6
83,0:02:46,6
84,0:02:48,6
85,0:02:50,6
86,0:02:52,6
87,0:02:54,6
88,0:02:56,6
89,0:02:58,6
90,0:03:00,6
91,0:03:02,6
92,0:03:04,6
93,0:03:06,6
94,0:03:08,6
95,0:03:10,6
96,0:03:12,6
97,0:03:14,6
98,0:03:16,6
99,0:03:18,6
100,0:03:20,6
101,0:03:22,6
102,0:03:24,6
103,0:03:26,6
104,0:03:28,6
105,0:03:30,6
106,0:03:32,6
107,0:03:34,6
108,0:03:36,6
109,0:03:38,6
110,0:03:40,6
111,0:03:42,6
112,0:03:44,6
113,0:03:46,6
114,0:03:48,6
115,0:03:50,6
116,0:03:52,6
117,0:03:54,6
118,0:03:56,6
119,0:03:58,6
120,0:04:00,6
121,0:04:02,6
122,0:04:04,6
123,0:04:06,6
124,0:04:08,6
125,0:04:10,6
126,0:04:12,6
127,0:04:14,6
128,0:04:16,6
129,0:04:18,6
130,0:04:20,6
131,0:04:22,6
132,0:04:24,6
133,0:04:26,6
134,0:04:28,6
135,0:04:30,6
136,0:04:32,6
137,0:04:34,6
138,0:04:36,6
139,0:04:38,6
140,0:04:40,6
141,0:04:42,6
142,0:04:44,6
143,0:04:46,6
144,0:04:48,6
145,0:04:50,6
146,0:04:52,6
147,0:04:54,6
148,0:04:56,6
149,0:04:58,6
150,0:05:00,6
151,0:05:02,6
152,0:05:04,6
153,0:05:06,6
154,0:05:08,6
155,0:05:10,6
156,0:05:12,6
157,0:05:14,6
158,0:05:16,6
159,0:05:18,6
160,0:05:20,6
161,0:05:22,6
162,0:05:24,6
163,0:05:26,6
164,0:05:28,6
165,0:05:30,6
166,0:05:32,6
167,0:05:34,6
168,0:05:36,6
169,0:05:38,6
170,0:05:40,6
171,0:05:42,6
172,0:05:44,6
173,0:05:46,6
174,0:05:48,6
175,0:05:50,6
176,0:05:52,6
177,0:05:54,6
178,0:05:56,6
179,0:05:58,6
180,0:06:00,6
181,0:06:02,6
182,0:06:04,6
183,0:06:06,6
184,0:06:08,6
185,0:06:10,6
186,0:06:12,6
187,0:06:14,6
188,0:06:16,6
189,0:06:18,6
190,0:06:20,6
191,0:06:22,6
192,0:06:24,6
193,0:06:26,6
194,0:06:28,6
195,0:06:30,6
196,0:06:32,6
197,0:06:34,6
198,0:06:36,6
199,0:06:38,6
200,0:06:40,6
201,0:06:42,6
202,0:06:44,6
203,0:06:46,6
204,0:06:48,6
205,0:06:50,6
206,0:06:52,6
207,0:06:54,6
208,0:06:56,6
209,0:06:58,6
210,0:07:00,6
211,0:07:02,6
212,0:07:04,6
213,0:07:06,6
214,0:07:08,6
215,0:07:10,6
216,0:07:12,6
217,0:07:14,6
218,0:07:16,6
219,0:07:18,6
220,0:07:20,6
221,0:07:22,6
222,0:07:24,6
223,0:07:26,6
224,0:07:28,6
225,0:07:30,6
226,0:07:32,6
227,0:07:34,6
228,0:07:36,6
229,0:07:38,6
230,0:07:40,6
231,0:07:42,6
232,0:07:44,6
233,0:07:46,6
234,0:07:48,6
235,0:07:50,6
236,0:07:52,6
237,0:07:54,6
238,0:07:56,6
239,0:07:58,6
240,0:08:00,6
241,0:08:02,6
242,0:08:04,6
243,0:08:06,6
244,0:08:08,6
245,0:08:10,6
246,0:08:12,6
247,0:08:14,6
248,0:08:16,6
249,0:08:18,6
250,0:08:20,6
251,0:08:22,6
252,0:08:24,6
253,0:08:26,6
254,0:08:28,6
255,0:08:30,6
256,0:08:32,6
257,0:08:34,6
258,0:08:36,6
259,0:08:38,6
260,0:08:40,6
261,0:08:42,6
262,0:08:44,6
263,0:08:46,6
264,0:08:48,6
265,0:08:50,6
266,0:08:52,6
267,0:08:54,6
268,0:08:56,6
269,0:08:58,6
270,0:09:00,6
271,0:09:02,6
272,0:09:04,6
273,0:09:06,6
274,0:09:08,6
275,0:09:10,6
276,0:09:12,6
277,0:09:14,6
278,0:09:16,6
279,0:09:18,6
280,0:09:20,6
281,0:09:22,6
282,0:09:24,6
283,0:09:26,6
284,0:09:28,6
285,0:09:30,6
286,0:09:32,6
287,0:09:34,6
288,0:09:36,6
289,0:09:38,6
290,0:09:40,6
291,0:09:42,6
292,0:09:44,6
293,0:09:46,6
294,0:09:48,6
295,0:09:50,7
296,0:09:52,6
297,0:09:54,6
298,0:09:56,7
299,0:09:58,6
300,0:10:00,7
301,0:10:02,7
302,0:10:04,6
303,0:10:06,6
304,0:10:08,6
305,0:10:10,6
306,0:10:12,6
307,0:10:14,6
308,0:10:16,6
309,0:10:18,6
310,0:10:20,7
311,0:10:22,6
312,0:10:24,7
313,0:10:26,6
314,0:10:28,6
315,0:10:30,7
316,0:10:32,6
317,0:10:34,7
318,0:10:36,7
319,0:10:38,6
320,0:10:40,7
321,0:10:42,7
322,0:10:44,7
323,0:10:46,6
324,0:10:48,7
325,0:10:50,6
326,0:10:52,7
327,0:10:54,7
328,0:10:56,7
329,0:10:58,7
330,0:11:00,7
331,0:11:02,6
332,0:11:04,7
333,0:11:06,7
334,0:11:08,7
335,0:11:10,7
336,0:11:12,7
337,0:11:14,7
338,0:11:16,7
339,0:11:18,7
340,0:11:20,6
341,0:11:22,7
342,0:11:24,7
343,0:11:26,6
344,0:11:28,6
345,0:11:30,7
346,0:11:32,7
347,0:11:34,7
348,0:11:36,7
349,0:11:38,7
350,0:11:40,7
351,0:11:42,7
352,0:11:44,7
353,0:11:46,6
354,0:11:48,7
355,0:11:50,7
356,0:11:52,7
357,0:11:54,7
358,0:11:56,7
359,0:11:58,7
360,0:12:00,7
361,0:12:02,7
362,0:12:04,7
363,0:12:06,7
364,0:12:08,7
365,0:12:10,7
366,0:12:12,7
367,0:12:14,7
368,0:12:16,7
369,0:12:18,7
370,0:12:20,7
371,0:12:22,7
372,0:12:24,7
373,0:12:26,6
374,0:12:28,6
375,0:12:30,6
376,0:12:32,6
377,0:12:34,6
378,0:12:36,7
379,0:12:38,6
380,0:12:40,7
381,0:12:42,7
382,0:12:44,7
383,0:12:46,7
384,0:12:48,7
385,0:12:50,7
386,0:12:52,7
387,0:12:54,7
388,0:12:56,7
389,0:12:58,7
390,0:13:00,7
391,0:13:02,7
392,0:13:04,7
393,0:13:06,7
394,0:13:08,7
395,0:13:10,7
396,0:13:12,7
397,0:13:14,7
398,0:13:16,7
399,0:13:18,7
400,0:13:20,7
401,0:13:22,7
402,0:13:24,7
403,0:13:26,7
404,0:13:28,7
405,0:13:30,7
406,0:13:32,7
407,0:13:34,7
408,0:13:36,7
409,0:13:38,7
410,0:13:40,7
411,0:13:42,7
412,0:13:44,6
413,0:13:46,7
414,0:13:48,7
415,0:13:50,6
416,0:13:52,7
417,0:13:54,6
418,0:13:56,7
419,0:13:58,6
420,0:14:00,7
421,0:14:02,7
422,0:14:04,6
423,0:14:06,6
424,0:14:08,7
425,0:14:10,6
426,0:14:12,6
427,0:14:14,6
428,0:14:16,6
429,0:14:18,6
430,0:14:20,6
431,0:14:22,6
432,0:14:24,6
433,0:14:26,6
434,0:14:28,6
435,0:14:30,6
436,0:14:32,6
437,0:14:34,7
438,0:14:36,6
439,0:14:38,6
440,0:14:40,6
441,0:14:42,6
442,0:14:44,6
443,0:14:46,6
444,0:14:48,7
445,0:14:50,7
446,0:14:52,7
447,0:14:54,7
448,0:14:56,7
449,0:14:58,6
450,0:15:00,7
451,0:15:02,6
452,0:15:04,6
453,0:15:06,6
454,0:15:08,6
455,0:15:10,6
456,0:15:12,6
457,0:15:14,6
458,0:15:16,6
459,0:15:18,6
460,0:15:20,6
461,0:15:22,6
462,0:15:24,6
463,0:15:26,7
464,0:15:28,7
465,0:15:30,7
466,0:15:32,7
467,0:15:34,7
468,0:15:36,7
469,0:15:38,7
470,0:15:40,7
471,0:15:42,7
472,0:15:44,7
473,0:15:46,7
474,0:15:48,7
475,0:15:50,7
476,0:15:52,7
477,0:15:54,7
478,0:15:56,6
479,0:15:58,7
480,0:16:00,7
481,0:16:02,7
482,0:16:04,7
483,0:16:06,7
484,0:16:08,6
485,0:16:10,7
486,0:16:12,6
487,0:16:14,6
488,0:16:16,6
489,0:16:18,6
490,0:16:20,6
491,0:16:22,6
492,0:16:24,6
493,0:16:26,6
494,0:16:28,6
495,0:16:30,6
496,0:16:32,6
497,0:16:34,7
498,0:16:36,7
499,0:16:38,7
500,0:16:40,7
501,0:16:42,7
502,0:16:44,7
503,0:16:46,7
504,0:16:48,7
505,0:16:50,7
506,0:16:52,7
507,0:16:54,7
508,0:16:56,7
509,0:16:58,7
510,0:17:00,7
511,0:17:02,7
512,0:17:04,7
513,0:17:06,7
514,0:17:08,7
515,0:17:10,7
516,0:17:12,7
517,0:17:14,7
518,0:17:16,7
519,0:17:18,7
520,0:17:20,7
521,0:17:22,7
522,0:17:24,7
523,0:17:26,7
524,0:17:28,7
525,0:17:30,6
526,0:17:32,6
527,0:17:34,6
528,0:17:36,6
529,0:17:38,6
530,0:17:40,6
531,0:17:42,6
532,0:17:44,6
533,0:17:46,6
534,0:17:48,6
535,0:17:50,6
536,0:17:52,6
537,0:17:54,6
538,0:17:56,6
539,0:17:58,6
540,0:18:00,6
541,0:18:02,6
542,0:18:04,6
543,0:18:06,6
544,0:18:08,6
545,0:18:10,6
546,0:18:12,6
547,0:18:14,6
548,0:18:16,6
549,0:18:18,6
550,0:18:20,6
551,0:18:22,6
552,0:18:24,6
553,0:18:26,6
554,0:18:28,6
555,0:18:30,6
556,0:18:32,6
557,0:18:34,6
558,0:18:36,6
559,0:18:38,6
560,0:18:40,6
561,0:18:42,6
562,0:18:44,6
563,0:18:46,6
564,0:18:48,6
565,0:18:50,6
566,0:18:52,6
567,0:18:54,6
568,0:18:56,6
569,0:18:58,6
570,0:19:00,6
571,0:19:02,6
572,0:19:04,6
573,0:19:06,6
574,0:19:08,6
575,0:19:10,7
576,0:19:12,7
577,0:19:14,7
578,0:19:16,7
579,0:19:18,6
580,0:19:20,7
581,0:19:22,7
582,0:19:24,7
583,0:19:26,7
584,0:19:28,7
585,0:19:30,7
586,0:19:32,7
587,0:19:34,7
588,0:19:36,7
589,0:19:38,7
590,0:19:40,7
591,0:19:42,7
592,0:19:44,6
593,0:19:46,6
594,0:19:48,6
595,0:19:50,6
596,0:19:52,6
597,0:19:54,6
598,0:19:56,7
599,0:19:58,7
600,0:20:00,7
601,0:20:02,7
602,0:20:04,7
603,0:20:06,7
604,0:20:08,7
605,0:20:10,7
606,0:20:12,7
607,0:20:14,7
608,0:20:16,7
609,0:20:18,7
610,0:20:20,7
611,0:20:22,7
612,0:20:24,7
613,0:20:26,7
614,0:20:28,7
615,0:20:30,7
616,0:20:32,7
617,0:20:34,7
618,0:20:36,7
619,0:20:38,7
620,0:20:40,7
621,0:20:42,7
622,0:20:44,7
623,0:20:46,7
624,0:20:48,7
625,0:20:50,7
626,0:20:52,7
627,0:20:54,6
628,0:20:56,6
629,0:20:58,6
630,0:21:00,6
631,0:21:02,7
632,0:21:04,6
633,0:21:06,6
634,0:21:08,7
635,0:21:10,7
636,0:21:12,7
637,0:21:14,7
638,0:21:16,7
639,0:21:18,7
640,0:21:20,7
641,0:21:22,7
642,0:21:24,7
643,0:21:26,7
644,0:21:28,7
645,0:21:30,7
646,0:21:32,7
647,0:21:34,7
648,0:21:36,7
649,0:21:38,7
650,0:21:40,7
651,0:21:42,7
652,0:21:44,7
653,0:21:46,7
654,0:21:48,7
655,0:21:50,7
656,0:21:52,7
657,0:21:54,7
658,0:21:56,6
659,0:21:58,6
660,0:22:00,6
661,0:22:02,6
662,0:22:04,6
663,0:22:06,6
664,0:22:08,6
665,0:22:10,6
666,0:22:12,7
667,0:22:14,6
668,0:22:16,7
669,0:22:18,7
670,0:22:20,6
671,0:22:22,7
672,0:22:24,7
673,0:22:26,7
674,0:22:28,7
675,0:22:30,7
676,0:22:32,7
677,0:22:34,7
678,0:22:36,7
679,0:22:38,7
680,0:22:40,7
681,0:22:42,7
682,0:22:44,7
683,0:22:46,7
684,0:22:48,7
685,0:22:50,7
686,0:22:52,7
687,0:22:54,7
688,0:22:56,7
689,0:22:58,7
690,0:23:00,7
691,0:23:02,6
692,0:23:04,6
693,0:23:06,6
694,0:23:08,6
695,0:23:10,6
696,0:23:12,6
697,0:23:14,6
698,0:23:16,6
699,0:23:18,6
700,0:23:20,6
701,0:23:22,6
702,0:23:24,6
703,0:23:26,7
704,0:23:28,7
705,0:23:30,7
706,0:23:32,7
707,0:23:34,7
708,0:23:36,7
709,0:23:38,7
710,0:23:40,7
711,0:23:42,7
712,0:23:44,7
713,0:23:46,7
714,0:23:48,7
715,0:23:50,7
716,0:23:52,7
717,0:23:54,7
718,0:23:56,7
719,0:23:58,7
720,0:24:00,7
721,0:24:02,7
722,0:24:04,7
723,0:24:06,7
724,0:24:08,7
725,0:24:10,6
726,0:24:12,6
727,0:24:14,6
728,0:24:16,6
729,0:24:18,6
730,0:24:20,6
731,0:24:22,6
732,0:24:24,6
733,0:24:26,6
734,0:24:28,6
735,0:24:30,6
736,0:24:32,6
737,0:24:34,6
738,0:24:36,7
739,0:24:38,7
740,0:24:40,7
741,0:24:42,7
742,0:24:44,7
743,0:24:46,7
744,0:24:48,7
745,0:24:50,7
746,0:24:52,7
747,0:24:54,7
748,0:24:56,7
749,0:24:58,7
750,0:25:00,7
751,0:25:02,7
752,0:25:04,7
753,0:25:06,7
754,0:25:08,7
755,0:25:10,7
756,0:25:12,7
757,0:25:14,7
758,0:25:16,7
759,0:25:18,6
760,0:25:20,6
761,0:25:22,6
762,0:25:24,6
763,0:25:26,6
764,0:25:28,6
765,0:25:30,6
766,0:25:32,6
767,0:25:34,6
768,0:25:36,6
769,0:25:38,6
770,0:25:40,7
771,0:25:42,7
772,0:25:44,7
773,0:25:46,7
774,0:25:48,7
775,0:25:50,7
776,0:25:52,7
777,0:25:54,7
778,0:25:56,7
779,0:25:58,7
780,0:26:00,7
781,0:26:02,7
782,0:26:04,7
783,0:26:06,7
784,0:26:08,7
785,0:26:10,7
786,0:26:12,7
787,0:26:14,7
788,0:26:16,7
789,0:26:18,7
790,0:26:20,7
791,0:26:22,7
792,0:26:24,7
793,0:26:26,7
794,0:26:28,7
795,0:26:30,7
796,0:26:32,7
797,0:26:34,7
798,0:26:36,6
799,0:26:38,6
800,0:26:40,6
801,0:26:42,6
802,0:26:44,6
803,0:26:46,6
804,0:26:48,6
805,0:26:50,6
806,0:26:52,6
807,0:26:54,6
808,0:26:56,6
809,0:26:58,6
810,0:27:00,6
811,0:27:02,6
812,0:27:04,6
813,0:27:06,6
814,0:27:08,6
815,0:27:10,6
816,0:27:12,6
817,0:27:14,6
818,0:27:16,6
819,0:27:18,6
820,0:27:20,6
821,0:27:22,6
822,0:27:24,6
823,0:27:26,6
824,0:27:28,6
825,0:27:30,6
826,0:27:32,7
827,0:27:34,7
828,0:27:36,7
829,0:27:38,7
830,0:27:40,7
831,0:27:42,7
832,0:27:44,7
833,0:27:46,7
834,0:27:48,7
835,0:27:50,7
836,0:27:52,7
837,0:27:54,7
838,0:27:56,7
839,0:27:58,7
840,0:28:00,7
841,0:28:02,7
842,0:28:04,7
843,0:28:06,7
844,0:28:08,7
845,0:28:10,7
846,0:28:12,6
847,0:28:14,6
848,0:28:16,6
849,0:28:18,6
850,0:28:20,6
851,0:28:22,6
852,0:28:24,6
853,0:28:26,6
854,0:28:28,7
855,0:28:30,7
856,0:28:32,7
857,0:28:34,6
858,0:28:36,7
859,0:28:38,7
860,0:28:40,7
861,0:28:42,7
862,0:28:44,7
863,0:28:46,7
864,0:28:48,7
865,0:28:50,7
866,0:28:52,7
867,0:28:54,7
868,0:28:56,7
869,0:28:58,7
870,0:29:00,7
871,0:29:02,7
872,0:29:04,7
873,0:29:06,7
874,0:29:08,7
875,0:29:10,7
876,0:29:12,7
877,0:29:14,7
878,0:29:16,6
879,0:29:18,6
880,0:29:20,6
881,0:29:22,6
882,0:29:24,6
883,0:29:26,6
884,0:29:28,6
885,0:29:30,7
886,0:29:32,7
887,0:29:34,7
888,0:29:36,7
889,0:29:38,7
890,0:29:40,7
891,0:29:42,7
892,0:29:44,7
893,0:29:46,7
894,0:29:48,7
895,0:29:50,7
896,0:29:52,7
897,0:29:54,7
898,0:29:56,7
899,0:29:58,7
900,0:30:00,7
901,0:30:02,7
902,0:30:04,7
903,0:30:06,7
904,0:30:08,7
905,0:30:10,6
906,0:30:12,6
907,0:30:14,6
908,0:30:16,6
909,0:30:18,6
910,0:30:20,6
911,0:30:22,6
912,0:30:24,6
913,0:30:26,6
914,0:30:28,6
915,0:30:30,6
916,0:30:32,6
917,0:30:34,6
918,0:30:36,6
919,0:30:38,6
920,0:30:40,7
921,0:30:42,7
922,0:30:44,7
923,0:30:46,7
924,0:30:48,7
925,0:30:50,7
926,0:30:52,7
927,0:30:54,7
928,0:30:56,6
929,0:30:58,7
930,0:31:00,7
931,0:31:02,6
932,0:31:04,7
933,0:31:06,7
934,0:31:08,7
935,0:31:10,7
936,0:31:12,7
937,0:31:14,7
938,0:31:16,7
939,0:31:18,6
940,0:31:20,6
941,0:31:22,6
942,0:31:24,6
943,0:31:26,6
944,0:31:28,6
945,0:31:30,6
946,0:31:32,6
947,0:31:34,7
948,0:31:36,7
949,0:31:38,7
950,0:31:40,7
951,0:31:42,7
952,0:31:44,7
953,0:31:46,7
954,0:31:48,7
955,0:31:50,7
956,0:31:52,7
957,0:31:54,7
958,0:31:56,7
959,0:31:58,6
960,0:32:00,7
961,0:32:02,7
962,0:32:04,7
963,0:32:06,7
964,0:32:08,6
965,0:32:10,7
966,0:32:12,7
967,0:32:14,6
968,0:32:16,6
969,0:32:18,6
970,0:32:20,6
971,0:32:22,6
972,0:32:24,6
973,0:32:26,6
974,0:32:28,7
975,0:32:30,7
976,0:32:32,7
977,0:32:34,7
978,0:32:36,7
979,0:32:38,7
980,0:32:40,7
981,0:32:42,7
982,0:32:44,7
983,0:32:46,6
984,0:32:48,6
985,0:32:50,6
986,0:32:52,7
987,0:32:54,7
988,0:32:56,6
989,0:32:58,7
990,0:33:00,6
991,0:33:02,7
992,0:33:04,6
993,0:33:06,6
994,0:33:08,6
995,0:33:10,6
996,0:33:12,6
997,0:33:14,7
998,0:33:16,6
999,0:33:18,6
1000,0:33:20,6
1001,0:33:22,6
1002,0:33:24,7
1003,0:33:26,7
1004,0:33:28,7
1005,0:33:30,7
1006,0:33:32,7
1007,0:33:34,6
1008,0:33:36,6
1009,0:33:38,6
1010,0:33:40,6
1011,0:33:42,6
1012,0:33:44,6
1013,0:33:46,6
1014,0:33:48,6
1015,0:33:50,6
1016,0:33:52,7
1017,0:33:54,7
1018,0:33:56,7
1019,0:33:58,7
1020,0:34:00,6
1021,0:34:02,6
1022,0:34:04,6
1023,0:34:06,6
1024,0:34:08,6
1025,0:34:10,6
1026,0:34:12,6
1027,0:34:14,6
1028,0:34:16,6
1029,0:34:18,6
1030,0:34:20,6
